CREATE DATABASE  IF NOT EXISTS `spotify` /*!40100 DEFAULT CHARACTER SET latin1 */;
USE `spotify`;
-- MySQL dump 10.17  Distrib 10.3.23-MariaDB, for Win64 (AMD64)
--
-- Host: 64.225.66.83    Database: spotify
-- ------------------------------------------------------
-- Server version	10.4.13-MariaDB-1:10.4.13+maria~bionic

/*!40101 SET @OLD_CHARACTER_SET_CLIENT=@@CHARACTER_SET_CLIENT */;
/*!40101 SET @OLD_CHARACTER_SET_RESULTS=@@CHARACTER_SET_RESULTS */;
/*!40101 SET @OLD_COLLATION_CONNECTION=@@COLLATION_CONNECTION */;
/*!40101 SET NAMES utf8 */;
/*!40103 SET @OLD_TIME_ZONE=@@TIME_ZONE */;
/*!40103 SET TIME_ZONE='+00:00' */;
/*!40014 SET @OLD_UNIQUE_CHECKS=@@UNIQUE_CHECKS, UNIQUE_CHECKS=0 */;
/*!40014 SET @OLD_FOREIGN_KEY_CHECKS=@@FOREIGN_KEY_CHECKS, FOREIGN_KEY_CHECKS=0 */;
/*!40101 SET @OLD_SQL_MODE=@@SQL_MODE, SQL_MODE='NO_AUTO_VALUE_ON_ZERO' */;
/*!40111 SET @OLD_SQL_NOTES=@@SQL_NOTES, SQL_NOTES=0 */;

--
-- Table structure for table `Artistas`
--

DROP TABLE IF EXISTS `Artistas`;
/*!40101 SET @saved_cs_client     = @@character_set_client */;
/*!40101 SET character_set_client = utf8 */;
CREATE TABLE `Artistas` (
  `Id_Artista` int(11) NOT NULL AUTO_INCREMENT,
  `Nombre_Artista` varchar(50) DEFAULT NULL,
  `Apellido_Artista` varchar(50) DEFAULT NULL,
  `Nombre_Artistico` varchar(100) DEFAULT NULL,
  `Fecha_Nacimiento` date DEFAULT NULL,
  `Nacionalidad` varchar(50) DEFAULT NULL,
  `Genero` varchar(50) DEFAULT NULL,
  `NumeroSeguidores` int(11) NOT NULL,
  `Foto` blob NOT NULL,
  PRIMARY KEY (`Id_Artista`)
) ENGINE=InnoDB AUTO_INCREMENT=16 DEFAULT CHARSET=latin1;
/*!40101 SET character_set_client = @saved_cs_client */;

--
-- Dumping data for table `Artistas`
--

LOCK TABLES `Artistas` WRITE;
/*!40000 ALTER TABLE `Artistas` DISABLE KEYS */;
INSERT INTO `Artistas` VALUES (11,'Ramon','Ayala','Daddy Yankee','1977-02-03','Puertorriqueño','Regguetton',50000,'\0JFIF\0\0`\0`\0\0\0C\0\n\n\n\r\r\0C		\r\r\0\0s\0\"\0\0\0\0\0\0\0\0\0\0\0\0	\n\0\0\0\0}\0!1AQa\"q2#BR$3br	\n\Z%&\'()*456789:CDEFGHIJSTUVWXYZcdefghijstuvwxyz\0\0\0\0\0\0\0\0	\n\0\0\0w\0!1AQaq\"2B	#3Rbr\n$4%\Z&\'()*56789:CDEFGHIJSTUVWXYZcdefghijstuvwxyz\0\0\0?\0C\0پ`\0 z5 .oV\0( @`]@&K?*5<-Rr~o_~[\'ɳ\Zؒ_뽋gU`mal(ypzğSY1T}tns4/V{2S-75PO/#wm\Z_h.$+pO&ʸՔUQSj6|{VRӾd\'ω@k~nksK꣓UxYLG<}{RhlDu܀iPI>q,F\0YU)WMR٦#u-F+}(lIlUωd{cߌM[Ki$:dB(՛oAsדu~>&xb<ouM0qصʆ#$bQ17R}7e23}q]ζXJѾ h0\Z^K%rpUGt 	6|/JTTgkTѽq笻HՋ6I95Jk撦%пq|/7kw5U&)s;TaIr=a*/*\'Z9\'Q=|3ґ5MJSR ȧ\0jq\ZsO\Z?P25c0kɯ+$?Lucidx&^ǣ?Xo֩& W֣$?Rc%NG޲\0D~1̬1Ms\rpج˝\\|7ʇfh;Jf_K=OR\0\0{\'5zn$9j2͊^é,(\r?}cU#s%B|͈[h881\Z\'3f8.vQO:0HTF@>!\'53*H7\r77SsW>D\Z\'-vur\"ՀOfU`\Z+w~wu0v\"&xٻYݤۦۚNimnE\ZC\Z\0#U@\0aE5qVhdPs@#\0gf o-5͝v4rNr`^;\0|A/ګ1A1!۹<eu]#Yb#.h%徏k~*Nⵕnt;VA=Jq\"?FlԁLjK_;hߵ~[4gEҠND)%H۷!*\0#%#2H\Z7RU\nzڹ*}[#naL\r_|0Vtkm5`pbFkSG\rn՝?RX\'m-8ۦOjnoTƴpU4͞0|\0uS1znl4]nT]UsMFڈO~+Č*puV=ӝT|?+7xYΉa)5H~bqVOA\\7jzw\0I={\0Br#(b;^4Xm~iouTľ]$s\\F*\ZƘgRbg5g5P&#ֳ_Z\rk5q*JCE,TUβ(b\\E	`qg*?w!>|\'gV;o\r#NT6	H ׿躀ukKE.=W<_I]×6:\r\'mݳ\n*I3ҏO7(ů>*Uj^<I.z]\Z>qg_xKw^-.picitg]wJ?Jy!ؐ7qaoR<%_i\ZAojCv@0U\'[[Z{&_dĐNGQ5jFDM1{{ǟd7-\'@c#6FpmQoVGu{,<[{{۵i-7>|\0e=[v<KƳ\Z6Z%-&ت;@?1@LqA!M2rl?{_\\|=IΩB#H#9\0:~ǈ5kwRW;WFyW5	ZXkxy,eV՜w\0W퟿=MEEzVGJ	31jޓwk&2Z\'4[B6cr+\Z8ѝX\'9*\r&M%K`FSNrFVmdT{5ę0?f漀|*\'nZ$($\0\\?>-i~mS#&8eSٛlgg<kTF/$HCm@qԂNO^OV\ZEGQvMxj#,_V칟MvMxNǮ/t߲Ư$O&MUpwu1\\b<`%O~:/Sv%̓j6rZr9.11sAf1Nڻ~G3|ۈ\ZT5J2v{OYjvGettkӮ\'ʕ`Z6glWW薾$/nc	r DP,\nY/\'Q$I:׷vqº己K>|Ŀeއbqu?eܵ^o>Cw5:CM۹^CːGA\0AWϾOdi2  cퟷ\r|?wjq0o?&m9!N`oJqXxTGlrk6W/N2Vj5g^\"<A_Cv\0m(=7)+F;V\"9Y\0N\r{׀1\0OO[N?~9R]\0w/_It=*9(z|T8\ZGTKH(ڦPQE@\n*\"ܚTsRgήJy~]3H}nA7 }3^E|/?\'cQI$j>ڭ:\0\07J)Z!FyOxNҜ{0}FǨ⾶GrЌ&o)\0౺WO.I4AogtEo^hck^2Z{\Z.;9-%[[G<lRD8<`A52h߲[\ZeWc@2Kc⦭6 ^{jV7wCt`Cw2C7*3kAߌrھU<\\1-#U@8ceٮ_JQt?}MEl\"_uIi|wQ聞a$l>f+\0 G9]ƫH~.Iv5\0[bϼp;\0t_]Bhх8l+,N\"uo\'p/-YvWKIrK~!U5ؕ=˹_}5v̌V98Qe^񯕼\'>+MHeSᗡ	}OwqC<.$UH#̨sSKGD0%}^yZqk\'Зmy(qX!\'7nM+\n5)9`q@sLifΤٛ`o8Hxgݪ5ؠf=1;\0׍NAe0\0-\03gϡ ?yxjIȾvQnl}@Q?\rZ>dH{{\r:Yq\Z9i+6w\n$Q$y)2Iuv\0CO?bZjJ4$<~=Տ6wzksk-[h6i-84:-,kߴ\0|M2`>4h֩Ж[gi%sw9,O$ߓM\0ñʞ>mIJ>*X#4.w<һZ\"We}Y}_2Yw\0|쫴k	xlut_2&BHǸ\'EpfY\0)Ю7L=)R}HԴk	j7DNMɥQkUIffsHķ-abYC@\0\nI\0Z1}C\ZrnP(\0Y\n\rJ\"$<Qic1mߚ~N+QDs0$R2}zU U[6xZXHy׉Z1:)UԚG-.g$2)ʺX#E}#о3[kO׷kA-$ˀ(#$p斾z^?Ş).~]Zz/lqբ16|ͻϒSH\0pD2\\2|OSczd\\)S{jr٦RlNj$`vҨJ@㏥efQeGp+wAN^=H\n\n@GZj-jvȉ#[ʒ$;gU#V2ynaӜe{_i&}h8>ԛ}amwaK2\0SɵR\nVdOi4imԔҹshS(+|Gz=fKMQ&,vҺ3y?\Zce\0_&a$$#y$p28%-ԂN3aE#x֯);E>Ж^6Em[(ī!>bSG#dQEcwyU8㊗O>jEuu8_}S/iH\n=Z4Q_?f[\0?QY?'),(12,'Luis','Hernandez','Luis Mateus','1977-08-12','Colombiano','Vallenatos',60000,'PNG\r\n\Z\n\0\0\0\rIHDR\0\0\0\0\0\0\0\0\0E-\0\0\0	pHYs\0\0\0\0\0\0\0 \0IDATx^ieu&xNDrϬ̬bP2eJvڴ%[ȁVC{р3v30\rc{dEQ܊d*ڲ*+wXy֫|ɪRq\nYƍ\'97.jۣ\0\0S484-~g$\"*v\ZClc[n%F_-۽<=Hg\0r`yig`HQ^^ؕI?9vm\'A?G	cvK;|6\\|^;)zrt\'Qo0=׼2\\7n#e\'80*0ƫ|_i9zݱs\0\ZFv\\7$(WF_b\'}_\\mWՕ\0su	׍p]U~x5!FQ&	\0Ƙf87¨5Hk(h\\9\0c8B0<}s$IVR\ZcID)8e)\0(RA\0@y#eYBЊ19#1FkggR~q[ƘWJ,@Q1Z)E\ZT=sOӔh4*8RJXEicB)%\"r<ϲ(\n˲Y1,2\0=\\782I\'SI(ֈ(m8Z(:TT\\m6Zn{СZEeYl6{^ear`qn1\nI.xL~fY׊78zExvB4\"b/ٶm9ṣ>Zggg+ʩS^~V۷qN/;w.Mj:77w}aEQǎ\0QQJI)B\\7j]~VSz\r@5	3cL4kͭV=^n%/dIzayСCƘsڭeYQ{=쳷z>77v$(K!z	\nop\n7&;-<1$I\'NRNOOꙦiٜ|\'?V}#cupzz\Z{^zwtM\'Ibx~);s. l{ope0La(ͶHKQEQ bFcmm9ST8xNLL<x0㍍\rqkA$Y\04|oYZZpa)Iz++@is(E@uREiq]}Dh}}ŋFcԙN)\"jcy{{ӧOOOOax#G7\Z\rcu,VWWm۞я~4;;;55l6xZ611![jt$7`$GK9q}CWw&%ohЗmQų\"aTaGbdgaNQJuq Rnkpg}qv {QHdq,PIvk5]tؼ;83keSEyyFgir1|^JiYeY^\\>8΅YMOO۶}/|RLOOwSJ1a,KJYVd8\0{vW\Zpz}tA8NQycH5\"ynɓΝ[YYiEQض\r\0i#eYAp΋h6\'N,R;vovcccV+	VZc$,+2rGQZZ6ͱ^zZ-oivcccYm!eY\0`vjx9sP`A{	\n\0a1F)e18\'&&֭V󼱱cǎ>}:c۶ֳfYB.Hds~ɟ7w:)??߿~~>\r*\0=,|Xy3.^877Rɛ7Mkkk/^4\"\"<M8Ih0$Iv+p#BCW9^&Bedvɂ @8-\"zo}\' ӽ^O)E2nڶMfznn\'8|p9yC=}HJI);qj:66VN8ŋ8jVKJivyUR-?{5w4M$,J@O?Q277gvEX\"S)%c}W*B)399p܅zj߾}R\"0Ddq`TJ陹(lǫ\\.챱w333Ow7ollLNN\Zyaez}{=\08GK\Z?rqnK0˲vmY,I\'N<KKKMOOB^O4`a!eY ,;|non6.u\0@*oԜZF*)\"qPJ=裓^8q#ɓ\'JEܾ}mh$I裣HsmrnWOI✇a9Ǐ?ǏGĩ00%-$94u,\"&N8ppgvxٳI3cN̅mi3T*?׾h4mo;sc<ZHӴ+.Gw%ӮWkaڶǱrbb\0~~haP$m\0ښ:	l/.@NG\'\'\'{^x֧OT*Q/)$*	40R*MSuI7_||WxG}4N/۶^xᅛni߾}FcllR%ۤ=Y^+Gv#̍,\\NqiWJ?*^)E$\0iZgΜ9qD^I!֭Vu]y^jc4Bĉzcrrujm,M!DFDG{o[(-@dB>72,lt{AXE&$kw6Jx3K<LOtM\'Ot|oyyٲo\\]E!\\Jylu<20hW\\^3Fuh\0)%Yfi!wƩSͦ<\0 vN*L$IDTJ4Byv:onn\"\"$Z(ٗR<vZkR.\\vAxSOmlmnmm5\ZNٳ}C	\ZȚGu]%ܮ?HԲ\0,(\n&^p?|N+,kbbbnnnllluug!q,ˤ(Ȳ|!\0 1 ,\nC眯OMM9Rjmmݡҕ6)\nRY!,R\\9sαlƘ8Ǐdyy\0&&&zV[][{1o~3HkEQX;$6FNzN%\0EAFk/^|Ǟ{<υsιya2Μ9n9瓓cccv:F)\0 \n\01D}1\Z$B0\0Vkkk(ιj$IӓSiJ)@k\Z\Z&&&4t:333ӳonnsc\0h큗ZaW\"\ZڈJ0RO>SO=l6=ϳm۲v]:\Zr,֟<ϋ8IvMT\\RFk0X^(ҺhYV^03(8\"&yY9cFko8pfZ\r\0(Z[[s1\01G_\"0jϮ4Ac\Z;w܉\'y8eK/4;;;77q%SsNjhjf3MS\"v:cܲ,*25ܶkg}糧Aqc$5)^Gl\\8NQϟkv:pSO=iQM7D)P8ZH\n\Z>h!+isϭ**\nu|Q(.^X-Bzv]V677<J(\n\rI	!\0LQy.9DfI(\nRJiN{{>|GyR3B3-W@IPy>c\0 	gm[k1Fk\r\0@f}ӱ,˶m\0vn7Qz6LܕRyض-ma8T@\\Jg2y\"yZq\\Tƒ8gy71Ї֧NIhǡ\Z\0\"Q=\0+g8Wը%5kyaQW\r!\ZԩSVV{bb\"v4iC_^^AM)ǱYuna~~~cc0d69#Un!^\\r/ema8\0<<uݩCUUcܱݙ ,˚Ѳ1I7\0]׭Z.Eq̙4M h6Yڶmɲ	 ֚|Li\"\"	V:;;a\"9M\nծtaY\\Jj,RJY5=5s={[oUqɩ(`,:Z]I$	nI[{N\'2+ZŮ;SdYu3J[5ڎc֡u$zZk({N,WIQGY4mZs!Dsss<H^߿e.\\ؿ?ieGwt7p@-g	0suC?H377j4& AENgaa9O/q\\S+x٨(B$YٶnRy衇~w~TJZÇ///z=zk{.\0َ;i$؉AXiu3sqخnugffڭ\"j@`VVjJ$I|ߏ1h44]\n!t:ZkL2K	JFkHӔFG}t~~~yyo&*obIP\n!G/c֚s.GqONN~y%M$1yY^$4ݧiJ\0\0DS\Z5(J4M{Wewܱ2;;h4\0O{QA7p݁JBzx1^\0J\ZcVVV}p$ya1&MSu^O\ZiQr](]n#bї4;	G=@BD*\0p΍1^iwNm험ƕJҼRxPE(</(,zI8cKJYTZV%q8QP\r6!rX^M)PF^	08fpcMs03>|ѣ=\\ѨVTG.(\rǟT2mm=yltU-6\\m XO>XB|/gς,V/	׉Ѥiڄay>No\n!1%S9iӲ,탈eۆkƘ^88:\Z$I\\cV8gΜ9{?cǎٶv9K)9,H^lk7@u]O؛J^g!k4\Z\r\0U$Is5IC梘aJ0lj;Ξ lܖm2y\'8hz{G 0ƸK\0-`F3dQ}(.hS	nF\ZuAE\nfL\rҎ(d#ySr_Jp9M-aoS\0^	3 QZqγ,#=lmmo~ pUZfa[+^}yNg3!@yQ!\"hs-W)%>ۈTb-ŗ{?ـ;Sl\0e[(3/meEaN8wO...yeipζ&xQ5͵a*O:a<pjZgsSQƘXXݞBhK=*8p0GˇQv\'q*\'YcHe4\0\00J)c)y~¢(wyӽ}J0JĲe_TznLj5ֲn;,\\JZ+$\0p`! \"FuDyߖTCa|)enF(0}j=cZ6*H\rKz岌_l\n+mCNt;ndQTyO>~lCɨRjm+u0Ԟ%ʟe$Q\nPK؛Dfd_N<)1ƶ(A$Ib۶m$kY8Gao\0\0ȀZy>juaa1v]w>}Ne}xM)ua=\"aI1\0Pw0`C(e\\?pp<yg`[2˲4BSJٶA>x`eӮ<cT2j9FEnèa+զ7#懔vcq]T4M;9Y,VįJ♃ollU۽^eՀ<1ync*3Р5GDQ0X63VMa N=\rDD(\0`@V`j`Z05240Sō1\0\08\0 \0i^FFfݸߞ[oK5¶m\ZQh=W]rW2\08١.4:sKkq\0kgYcl,\\׭Lvq,k^j6vyi\'@!ibc\0;V(p4JŉvGapL\"B_ 	c߆>/K?~uQxe:W^mCg,6,mIl|J)Z4ș$鴓8_dYұ{]2\0J(u1/A1 8\0D\0A9);A0}XU>\Z1Tjck2P)ը ֚:BYI؞#ov\0(ɄhcRJj#bȅZUyfq4xy!˟LӦ:11$&Vy;Qn;9N(Т֯xF)	ԑe	!<_9{ES.\np8U	QZ\0!n\"o23pJ̲,!:+P)%KuGQCnrc@ߊ7軷\0 c-\0z7LN@K\Zc1sm`{L׆	_x1\\أF՝:۲,\0?9>9==T.0!\nRJJemuFGSGAie`1J)kcȥR\nѢe.N8tm19풾d3vnF\0\0D(B1f]Ƙ\'+ˉeJz\\J)X/^4^V2pfLɔ*R	\0Fk0FEI,4\"a*c*,j~Ki82K\\XBV8 `|ybJJ\rIsa15je4\"\0@! \"C4\0/(7J6lȐ c\\w9zkN$ 9礌@etmteYmyVBDԌDJDA1(Z;y^7Y3}ik\0`	38d	Z$M\"D3AR(	ᝠPRH\0ݕeeYPV9e5\0\0$~hb||^;1}snv>\Z,j4\ZNB\\m4MiֺRz=)\\_\Z6ɴr7RJ(U$\"{\0XPIScaQlFpTJkFK0\n|SP\Z\0A\0@4J\0!\"\0-H<Sq&\Zn+yeFoYXrVq6^7;4*%!˲$Icaj5cǘ礳|h\0xl6mF0777I,yeYVv:CcLz}qq-F\rWHZsRJx^A,NSqc1f\0\06D*?V9H\0\0 \0IDAT\"j}I\ZhAlϗEQs.8GDqhI(Ius8]w$Gٰ;)3´;^e12u-RBJA5Պ0,9VdYl6餤YbeY0<զgQO s*Wu]ϲ\n-َ\05ZfRg\nFVhGhBKJ)iz,1\ZE\"\nӉ< O;/\" =,a	@JtiSJiraUm*Y5@I\nðR\\,j]VD՚oZB$ISvs4Mv{bbXXEUҶm\"+\0\rADs:\rc#{ɤ+M_$cdcPI\"5Wsj4Sm\"WӔ	FFimk8@׋(MSR\0Rq˲P=ⷕxZYu]!DeKKKiz?:uo=C.\'N|+_9x13<o{jjWW\'\'\'$|-Eѹs>O=)0Q\ZMOAO\rA,N|d;8NY`6\ZT2/t!Ain[Zk%VȍA%lfI0b!AiP\0@lK4ɖ\0\0@hc`tRSU+cveYt:sheY*}ygRy?0eAcۥ,˄m۶8;t8iXw	!Rϟ;w{zj\0n喿_\\\\DD榦>\"<yrg^hK1l6gFK)N%(\'\\O+6eq·/Qk0ϡdKۣv:(*-JsfVsε0xt$GG=e*zlۖRh4ʶm1+ iƋ0Rv۝%_<w\0i:?????/<+p	߶]۶hJ)\rB\0 ^nbp@b0d(el 74`\rR\0Ձh!mP)H\\NdYfzqCj\"rK,..|tP$3:{\"%~\0.RQU0ƈd<E-YޚeYB\'IRy!\"￪1>>N\0??g?{Сk7FaTGAkMʨ1FA sn6y~(l0 /\0lpՕpWyImkm?!sD$1g\"cӳ3tl~Q.NSqKkPO?})	-*QJb0,B<\ZƘ,+zD;MsrH) ~$\"ҙNT7?HK9?z\'\'.i<@ArdIhDSkckfގ~o=riWE\0XXwW|ƘdB`(SK^tzg9+alҬ760JN\Z\'I$=\n3n8\ru4kD1\rZhp\03sD	10\Za	Ec4\ZvF\Zm@pD\0\0K\r*bmeСC$4WB`[igY6fは)Wl>r8AR0g\r2~7lhHэ4z<ϣ]%WQ^Bc\"*,\ZSJEBQZnyJ!b8>vw_?V{{mR,aP>f8ny0,_q>\0H)-ʠ\0\0$m;FX1J)$_)23^4޲,˲_^DAGo}ΞRat8JebbRH)dSFsa899IӃHR\"\"S,$v^\"i9WJYt\n\"\"\"bzz\Z\0&^+`۶IvahYVnۓZk_\'x]zJ;QI`Y}RKjR$\"J)=s(\n4M8@\ZsfqqH34784\0: %5\0$	p>`7bmٙ`c\0_~#B\0`D$iMI)RU4u]WkMA\n.ۤr(ϲA=JS*,@ޔ?@)*]zZkD$ܙVkvv<2O:u뭷\Zcv;nayyysssrfJfYVy333RG}}{_s5\rV16(e8ٰ\0\0u75c}jjʶm)o_Щ\0cRSԅe_f\Z9eŔ;Q&wJ8(\0^gE8F*Đ\r\ZD$cL(6\r벫\nCe\rðQ1Ec\'x۽[ ؿ\'7nww$IB\08L[[[Zmkkkvv{^~{կ~G4_{\'k7YS\nЄ%\nY!\"\"A;>>#	J(\n#3\01Тxgce%\\fb\\e6g̀Tk\0 ?\Z 8&Ee||\0|_[[,˶$Ih;WJYM*,aGߌihw%mò,BP~1cb$J4M8>s/8pi!L,3\"jJM{eY/c9A\"MY$\Z;A]U)28!\0d\0\\((AJ9\'٨Zy9	<\rCι)XG0vwm4{$+\0襘۶MjI)l5Ɛ RR+gvܶe8R$pIt= b۵R!D$ ,kۧN\nÐ^\\\\It}}(v~rvm8n۶8;RcтýEaDġw0`H)J)8b=K=xhj\0̲LhJzeY6^ԥGs8j^;adehv(Pj\Z\r  ]3(\"msiRʙ}sB<\\6PqW*X$ƘZfYVQæhx\"a0z$k\Z^<2tZVZͲW*剉	ԔR\rD\\^^&@A,//\0ڷo7HJ@RGg6%i\0p;A9RtҪ7s|<R1%$0f0^L\0\0\'{snYX \"yr9Y`RJ\Z_\r(Hٶr;３8D\ZC$eEQD87jZ2O$mK),T*/~_BKqzgY$׾-eQiI)-jZEQxqxߝiөVǏT*FVѴry˲:dx;,ˢvQC,[\\\\Qyqǡ?55UThK2\nO?rѣ!wAeJc<s$I<4]׵8\nd(Βq8|לSApV!qlNҔn)\0oʘjK\0\0Ю?\"\"Żԗ6+|D\0R3&NAsgkk+\"\n!yovV#?Jk]EټnDoGx*B)衇>j|OӴ( p6660<ndY/կ~{,\nu(\npii顇wB82u4vm.C7xi2o喕/}KVnmYQ+cx)?~.p]ȑ#7/|nY	!hsο_{Co;~w͵cL <\'5\"P\0}d*c,2mihg}\0L	W\"^ZX\ZCPȿwF`c\n?UOiFN43gIOs=^1ZM9g=C\rR|眓|`ecǎ?|]w`R^$ɧ>oZq/k_ӟ~ަ\'I77Bj(ƪ#G~<I>χaH\'ܔR\ZcH 9sС3gdi\n8x \0yN)\0>|\00mZnwaahMo}oͿo߾nڹ~XYYqV1J)5\0!lZŁ\0C8<c4ƲNXv(Q#_xY\\	5	T~jgtF2K\Z*\0 Ye.[# R&ڃbTza3ѼL\raY֋/\0t֖eYEmjp\0I,+j2s\Zmy?(ŋϞ={M7l8eZo7\n,CZ-\nDBDQ\0y}ݴTaeF}c\nVeYFg{19<(8=ϫT*rIczm[eYILNNZ[T|\'-n;C\'/?#\0w{zz:MӕzǏ/V<I\Zh1XJ`QBe	Nh1)eȲT8!O0-fzL\nzctGScc6G)8rye+++n76ӎ8Rcs_W\0ŋַiyT xg9rsZXX ŋ<mn\0iIdY8yBt]9^i,)}_]],t8i99ϲ,cfYE4& .\\v?>~\0vm?fY^+J)	5j[bmicY#VEJ,ˈeK|fr9\no\0Y=F\Z4Ɛ^Rrb1<۷oy|E2-G:\0T^OT ?{0\0ٳ^yv<`kk<!$IժR_>n>I\nhg*l۶m|:iGyUV-..>37\Z 8^sQX?\0\0yS0c̲L1ѣOׯ}mnnx[znejjJgj||;1E0XZ(Ryy<i\0\Z 6c2/\rhlCEN=0LJ\nbvY0\0ZƘ~)vsN-oa9\\ץi:-c̘=Q0HkرcfG?Hh67v\0pرU\0a(0gYBÇw:||3D>)e%!VEsssN,XlGBضMVquBv=66}Doqֽ^jQ1<(fEey\0@r]V}ݧ^xꩧ+܍\rj5Sp2й	IZV\n!ST&&+\nю,ɲc	pss(\n0QCc^~%s0ƀmA0S$ڶ]TlβLD5=1s)eQc@~?|~wQD$I{SN)3\"4*}rrrj}߼m>rϝ8qԧ>\"eY+$5H\0o<sIdkk˶mڨAleYT\'OM7DR)EB`\"8i@ǎj5\"<(\nR<___Ϟ=ǏӿBnj5G<;Z#ǍZkRA\0pm(}ϲLV_\0\0i% h	88fZ\"sJ{L=c~i/8߼?>cwmw977WY8ptPƘjji4\Z+++[[[gm^]]x1zYEB¿lҌF!R4\'\r]\"mI]ܲ~7dyfs~~}ଶV.qD$II3\0o$M s!	rMg?(\no\\xqs\\G`\\Cv[z-FnhYԻmt3uϾMo1	!I^Z,I,n˙ah^W*1Ga835`+Z1Ԍ	e2Cc s\0IEIc`Gf\Zɒ@\0lLJ{+Z+\rZk0\rHT\Z51[M[j*0[FrbŉnKJTRwwh~]zWZ}G,\'?)Βr]cLeԋCU-\"Gyy~ZyLEwߟٟ)H5\r;=ĮL$sRORJʟ)|vvoLdbb(cBg,ǡFu]!RZnnnv:)Xyx@80DO|G?T\'N<a({IeY5\"cN:wVupaѣkkkZk8esc^Q\0eY4Xl)csic@R}7\r \"jc1FM鷅a; j.uIџ1Pu<CĢH14Q{{,m!)/^<p\0{7VW~_җַj0FJz\r7 be$r4VQ\0a*]EQZ-:Ajjts\0}qnKbOkM3RR\0\00\"J);[V7c,2DYhIpiJض(8rөT.\'o__Z\'Nw2ƪpuusmqV\0&j%(y\Z(PO?rQrvzJJnPKy)-\"\nrXKFi(J+cf(\0es1f_mPxٖPxg,#f\ZA#cC42:YM,+\\1(mlwhPV*zKKƘ^F$\rj}cuݩ)\07\ZjnmV bǶm?\0}\ZG$I|-_җfsTʓp8eYIKC\0RؔX8\0t:)%\\\0fm)%ܲ 7\Z11VVcf3㷼-Bʇjo߾c&&&vҗ3gE!dNmD)EneZNmZk++yfsy=w}0񊟦)sƘ81)eQI(ByN!}\Z^\\\"ٞZ#1}/?ROB~!uk\0yqȟ\\aYchy^ȑ%[\08ΓĶmYF}7j;pNr4Z<ϟz#7\0㐷OJYT>/>.\\X2\0\0\0 \0IDATC\"<sm\rW7Fɼ{]=<3cZlk<d>laa\"|&0da#<K#Y3ZftLW]ۭ8U553>țuo޼<y\'qccTm:Laaq,s֚4MIERR׿N(:<U*FØs.1f\'\'\'X,*|鯺[*z2Md,UZ¶ѲU|&9E}z͸޽C0M\0HX)\r0$aKS	@\"c\ZZi%AJpɔ֚)bjȚuQ@\r~UZ!h\04G0fLX%dqM2ٞL32P\nfp4R\0h1-!cιaZ\r\0&\'\'=#azWC=U*Ȁ4==rҒܭ3A//~7~\\8pΓ$?m\07|\0d&9kZiiqbb\"8_{ݻw\0PJi$I>衇K_ظrʝwy^^WJyg=T*NgeF$jdZqȋ/~\r (v#BԺ^ۭ8I8L&llooo曭VkbR*Y̾zEAEQdX,\"q\'ZkUFRXZk%zv|8$0:DY]]m6V+i43.J2*\"0o-*hEZu2L&C¶x}ѩ)RRiǎ+W6\Z;vh$:{,(8N{D\0ַu=y<Um?\"5u?a8Ru0<wqy]t驧_ub1\0\0޳gϾ~̧>LjS*ˏ>hT\nðH:::Z?qdVww?ݻ?:gۄ%`\np,W,K/~;ABǎom\\6$?$IX v 8w E&IaiJJ~1R\\<YL{.H+~x9P*%\00!0ԆkkkV8W>NE2ME^E蘷Ĩa_pԩSQ~ZyJ$I~aN1˵F-+/~w7ӧO/,,\0/|ر8{|i4\ZkժH??{O8cJjꫯzﶶٳcǎnK,\0v^j7^}5ϻ_ߦIJٞW,rՒRڶm6	SSS/~3y\'\0@J\0>jVWWIAE333v_W?ɟtٌ{샏+mH\n$IR9|`=vK/իW0=es,@B8$Rj!$Iu7M I0t(uS$Q\"ީt+]r%r9c4\'&&\\ʕ+?>ʋľ	S#_>!Ǧ3p0*a8}\0\Zl7\rÏ%@{\0SJ=AsiRq\0-V)4D˔8c#)5 <lx(ԆanlF`dddssN>!D	`ݙLfB)חWcQ*\0 e(RqJ)\n\0jȶm)%\"jiZ!iن\'\0\0׏*N!\"ș5ض\rƘi$˳m$ֺ뺩!cԯٶF?@\"쯚{U4o6Ke_%pmŨR\n=(qb3_F)@5	$k-`(\0\0$ݬ,0Ri/hLw3<{+W̔J(lf]pɓG0ŌvK)	BAvs\0~!<_AS)	[bozbC[<8*G<}=2\nCoEmh\0AQVdmNPKi\r20fD%\"\"1H19K&bD> F.c ɁY2.UFYgM&+k+)\0-\"jz]wUcN$%q\'9籔JP!h3Ƙa0۱,<u\r X)iZkjg\008RCd>2MT&ӜiiBcFjUF3GD+V¶Ŕd<kp>\\)UE2ͺ8=\rsPnʿ4z|t0! (LpeL;MS	8NXrm#\"RJ10MS\\t ~#eYQ%I~t:j}JHyǱBJ$i*d?Ilg i*vs09>ѿ \"c`0Gi3\0\0q0\0GQdXFl!fjR(<ϣi~Pzk~z̠nP{\0t4Mhqh)%-)&D%V!(51^9}t2˥meY\'J)cZ\\njjjVޮ\'HSRH\0kZ97厖2M4M$MS)4i$^S[F\0\0\00V2ap$fs4@KlBJ809\0c\Z8S`tll\\.ݻwTx߷n$Go[{~h1?(FDOOk(	(709Y!D\"R}\\/BZiC\\)uCS)f(,sn۶eYػw/c洸`/Zk%\r\0 >RWF2bv\ZE@aC㜛hLkgLZ+U_۰~!$wB^O\0_jPz։Ùx rޒnxߐ^7OɈ2Ryf\02c,\\;K	q\0\0?8CԀ\0<\\JiBNh4iG+jƻaI ٹbjO|P5Z(QuٙfZmMDerM0rTc:\0}t۞\0Zs)fcJH%JB@1@Sbi23\n\rnGO\001=-n(5+n0tOS^uq4\ZiN;\0q9R5cOq4MQ+DFTdAyyB4+\nJ$IZFӒR\nІat]T$2%fql6e<LBMӴm4M$p{Gբt\"b_eI}-b*&&&sԒsN}xLRJ!Ngttŋ䢑GGGGFFH\'\"z>G}4/߿類!|q???nիW׿oگ1O<|3n6}+j??\0L4MƗGy>U*\r*4o}0~?vTx3g>я.--رVO$<Cu777_N77sŃ6Moo\0a=?@z#0x\"-;cH+k%c9A\'pm7nk8190svrx\0F-8U\nx&Pۄ*8snme]J9d<k*\0@JI,R\0`P$⏈(B$\0\ZDDCD06\rΕ`pJ| Ø4{p\'IX+)4W~$7;x\ZqDBDԷpbb_fIKPV1??\'x	ѣG97 8WWWdvZL&S(L95$IèT*ӅBa޽O<~۶֚ͦ>\\T}ٟ޹s\'\'NaH>dFcvvvaauÇζfO~lO|iJ)8O~77ڽ{>ÕJedd6A*-R\0,M$I0vv\'Qjsss,~{ВLSaMfH;!BDcTȭ؀p@6HR\0rb(8vp9bo%FRv*?w&l6;vq4鸙}C\'<h022/?c=q6W\'OLӔiFQ4221>ԬÇOO):P(a*r\\\\^^^^YY!G*FGG4M?Oʯ\nU1a\\v]7Vv횞}}23wk9rr|ر}k:܊(SsB8H	nLJ\0&\'\';==-mjunBJuM\rԥZi[e۶뺌4Mia$\ZrL)M(qM#XQI=C\nk&7BT!%7BE\ZV1\nСC=3\n1[I9纮ii<X,{jjJJyʕ;vigϞ8\'&&RL&Cp|ꩧy89rȓO>,// $R*cDL&R.iadΟ?o߾w]gv0I\0mnApر7x㩧.xh4i4\Zl$VErŋMY__Odtt4䜓\'Ox׻U*nl>!\"RD)2MFA\\-  v]333sss|1FҥKv;C1Ju_\0\0(73RGlYc̲LӔs>G4 1\rDp\nh`H5\nŌymd&\"ٳ\'Č\rJV(\"[q6ME.^xÇJԮ]|߯T*YIVx衇]v}#9;N\\޹s׾}O5INR)U(QJ-..<xPQHX!gT*b1=GZjJcijO>osyqOOO#}ߟhϞ=O?~Bm&9{8]ڊk7`4FD(LBgEi\Za:VGQ`Z3@$E\ZVZeqPR 0ƐbD2-oI=$1CZk\"Z8*J$\nrZ[k:xHc4ͺ ZDcǎ3g\n|ga?~|Νkkk###RJs禧O:uIq2+rĉfy\'xbرcO>?LW.֧V+IB^]]&IeYax_ǎKJ^~ddhO<A~rΫjTBD_}ՙ({׾vȑl6~ `Qvygy DBJq	qvͦurfw܉Ih9J)tқ	qØ梔Hl_PjH0KJ܆0ư7\"Zk$^F}Dfeu:;wIeJVP(!<|p}r>js=rhr9Ԟ={.\\E>H<8\neYbQk}fd4\'Odny0}mnnFQ.\nv\nÐyf)+Wܹ1\0+++B4nj2L^B0>я^tNgff={~ϟo4\ZmO^YY<ϲÇZ-ѣGWWW(Zu8DTgP LVJAs(1TDT.<	<Ի,//\'I dB0Ϟ	\0gS	u*dovJW\0\0Pr:e*sLs	}oJmXh9ٽ{fw\nkOK#z$|/\nif~RT*VWWŢ}\0(\nQ1r\\ZLӴ\rifnQ$aJL&C<D\\./XQ,IДRf20vX,8n]ץGQ&ÐEQ6M1Fyl6\0\0ӥR0 ~t:5\0\0{ujY)eeY:|W)4MZU*RnXEV^T*˗O(dJ)b	\0L3uo4\0npZ9Ϻԉzj`	c68猙\0 \0ցa!7C8x衇~vm\0@];2@[a\nݖ[j\ZDt_qCr*\rnm#U9gqRͨmj=ZU21DQommU*#GE*4M}VgΜyJD\n!Dou̴\0\0I[.\ZZs{\"(S2[&_T`/\0`*RD	\0xB!\"23ϣ*\'>q<HV\nm49B0mNaJ8(Jkt\"ޘ\'z;Uc@1uiCjrZk=>>N49nM~o@?9)sN8CatN0i\r\0Lִ&\"\n0SZ\'`%U\0Rz~3	p2Q1\0e2Dڊ0f$\"M-\\F\0?#Q{zk0\0┤BДK3I$pF];=>V`nZkz\\\r,D3(r\\.UJl4׃7aߛKZ!4\0l\'Dln\Z@iB5\r+{~T,\0\0 @ \0^;gUD5r#*l\Z=(\"*1ETRws[K7LMlMD[,h~D<L(d~@\0ZsΉZ-RhzN^P5\'-5(1(\\cD[s\rahs]23#eYA/v5I~GAeYZJ8~x!DB\0ܮ@#NV&] \0(w8Hkġ\"ҏ\\W9Dd1fX<c?Vێ#@\n%{z	>CPoGai\"\"yH)IE@A<x]n\r\noIzd}2	04{R>eYJy>޶Mn[:}`葛7fn.\\މ^9RZ\'	\0\0 \0IDAT^<%\r1*4cs!BDDtWk\r\'iL̸8/ V㡅A{4M$&IRgggR\\N~1!I\0hRJ*6!82S\0޹\Z@*@\0oOҚeIMAkВ֠\0\0PE@#lV\nEXh#!D`kkknzZ+8vfq\'8I\'+m*\0\01dAÏa\0f8NVek۬rȂ2[J9>1yϟ;wuu:d8vJ|>h4:N.}ViJ(\0@1MS\n8iUt&d]ßF7ߐW978ֵZmllHGQ!F\0![%k-r3@)AsB\'\0.iCFDy2ߘ;wܙ3gFaYDv1MSl\nhN2N\'0,SMlNi$cRH\nK\0\0JjD`\nC,!tߛ/)\r	DTB+`ȹ\rQ\"AȔK:qk(8d}ܰIÉ(VMCo\0 {}Enmf\n?DX4MӶ\\ǆR\\.4\0<;t֚<}8i<Ā\rQ\n߀[&~ !)\0,\nݸcpn܉\'N\'2\04)+\")ݐ\0ୌ$7%HqMrRF}7p|]Zϟ>}Q?bz^^uu,V\Z9놁i{JD*A&0\00@e\niP\0 2d4#0\03SN3H!F7bQH)\r0.v&.8-ų?~.)eT\ZǶɹahnIj GD\Z&>JG|zZkιaQdP)%fSSS$I%jdddF+_wh4\\]]Y=\0`2\0j9rdϞ=Zk59Ru]bWJ\r	Z4Ѿ[$T_?OxC\0`YlF!d٬o#EǄjy(YzaLbGӈg֦if2۶(&70RjU)xѣGO~}қ\ndg?}*ZMJ&:k\0H)5a%2>99#r;]~v<\n&jԌSJk:ٖ4S\Zb}}\0DԨi(6;U=\n\r]_?}waf ô\0<!\"\"cҭ8a;$I^xᅽ{nookˎ8sܹ7xKɯ\nl6;66k\Z\0LD{Nn}}<H-\0p1MVzVp=\\IZG9I|B`[mR鐚<f$K)7T|\'\ZA7鿌@4\0e֚ܲ,*\"]rdd$Mi!D\\[[d20??_.O>MN<o߾W_}4ͷm/mz)6WmOL?e-//wn6&!L?jǧZ\"K#IDq*@aPp^э0MI7,JYKכ1R5X	dBDrg{T_iukcG)q#f^0I7i`Ju}X,zb(Jẙf??|Ǯ+bcs!uX&%Pi1WB?0FX\ZVtE	\"*hqi_tiXMlʕ+2˗]}u]D\\__t4l~7777]\'377l6Ƀf2sDL@CDEɏ4IƘljEX%EiB0aA\rwhFDrV\ng(LNM-,,Я4Wx\\^YY\rٳkk-vލB\0qMI0?ﺞz)\"\nXb[N>WrR4M;EԱǛ]wu^xZZZZ]]rN1vܹ;vLMMA\Z.--շ㕉4M+cB(qlֶ+Z\nwa*NE*U\"dv\\\07\\xС+W~f04ZsP2\n!N&.\"pVDHk}+ k@{DT.GG^~m\\JTILX&Ky╻eFb۶MòLH)uvbCnf(0,\"QyBu]yv\\ζSN5\Z\rMQ}ߏ󼩩)0&nU*\Z~\0(t:l>KLe-//=z4:hYeYP*E5\'^w:%02LRz*J)M\ZG#!9x \0D,ʹ)È/Vkk{+[\0 0|W+W2799o?~_H!799Xv.l5`@\0N7MSqw:WVU˲iaZ맞z\\.9rd}}=/8q\"VE\'\'\'}_ZZ$Rvl6Kci{G\'R!LTZ[VZCƄB\\[[ՕB 4]\'*iR+11EA@  )z1}pI973ߚja*Sf08w`1	Z&rc=i;v\Z$ze,g|,31kRTʏ(\0Gnz5Y8w\Zviiqjz$x;\nٳgIZ曮f_^__?xv}kK)H,\naU*T*Dt:/_t\'MSշr94y8mvrǦ了bY\0$?ihcomzүA(<ɴW:Rb?6(\00wmbի3g0fggGFFjfyb8VOQ7	7bQVFǡ7R j6jZ(lƯ]wݝ_z;|2\"v:,,,Ps=\Z!b$)VҥK\\a\\qY/;zSק*TI0T[iNNNJ%!ΖrssZ]QJe2Y˲%s\0@D3d)4\0v8P94M$!ބ^\0\0fXhpf\Zg/^YZ;mH2lD¨/+Z#ۿw/\\d9vc)Ru}uuK1J4\'tQ.--8p`eeT*ѹ/^5_z]vEQ$rZsssZ/~J.]b<y{RT#}qkttkkKih|qklX,2&&&$@%vi:#?I@_n&5p[@ZNc$rM\\YYF|׈4*ɃwyX,ί?R*LMMffӶmL\\b@L7pnmp=oI7FQ\r\0J\r_  I45W*jZm4\Zqom֕RZR|;ߩRJ^FEh۹\\n߾}gϞݻwK(:ykn0\\^^f\0pBW$Zn)J%u_ŗzf]XLMuZ]]4׷!skqOMLb; }`ݬor&H2Nv\"%\Zh囹րR\0A&BBZ\0+G;ҠA3v $k1QԮg~r=?d*hd1kF{ߟ׷\'&&WHdKKKi7Nqð?|Բ,u]ׅcfr\\j$Iloo+\'VWW-:}yϟT*A3aK;qeYv{Ϟ=wj9>>,طoR&M0FFF-4\rˢ4fG}ܫ(??C}?\"b3Ft\\;S(8,vڕ+gL,WzI!FR!40Sο!q+3m<ܹsbWE	!Ro<ښֺ\\./..{.--EQTT0hrrrssj5_\0yZ(l۾|C(TPV;vr8B_]]EeYjuvv;pصkg?}YU,ϝ;4>>.#yil6MSsÐR~q<\rZڹslTM\n*J\ZH˲:c,R&Gǣ(j:.\\ciYV>K$ȔJ3AbpJ)%R7\0UDoBu\0@4|\0 IuWwhɺ\0	\0Z5jRyJreqiI-Ⴧ67^z%ٺ|}k(룣g2Ғ$zW訍G~߿bqc6ϖ{7\"ڵjmmmǱa$itqcˮ!֖sTGFF\Zŋ`GQYk׮X.70|饗斮.u:l^ZZZm&IP8$D\0)PRw3NJx]=M\\V1؀~,+DJƘV899y \\m4\ZLV=ﯭQwr\ZB`\0u\0WJR...26777;;8::nl*[[[mRW^yezzV:u*w}hYVѠ؎O?4R=I###kklA qglbo!cV12ZgcEc۶F.1ie=T[,ת+	\Zii6cc[qBH-R0V\0\0TOA}9?5u	ǟAT5\09;i\0@WACR\n\0m۶}cǎ=!5u̙3d(~7$	pffY`fRu$I8is=98uԕ+WnV}haa!F8޽{쮻z>8==}Ņb(|W9RV8&P(**MSDt\0fffU۶f.{饗6lQxsXضS-p,G^|qDtYa֖36ǱRАi*@O顁VوtD$\rfkR_%<\"R1\"@;S(ZѣG_zv5\ZV5;;Kg}\\&֢(\naIֳm\0Zn,ZGAZB`Y=|Z}X,_j^{2cl{{{{{;|_\ZF.{׾o=#l6ONN&IAZVZZUgggKSsqRl6-;3ڵ-KF,˲n=uݩՕrnۦ/t:)(\\5iA*RHm0v|\0S\'ZK\rZJ}zƞtODevTZݳj\\޷{իWg|{cSĉ8Ys]?hq\0x8399/}uRtG~+_x׮]Zn/\\pw{/7<p˗cb8??K/1._$Ɔ8뚦irV\0:Tb02yU/f0wW_0nP0F_}N }_\"َzanoog21A\08vņMےR*0m\0OVqt9Lq*v\rS[l>OQ)%1l6[(vv{mmjIlnnrΕRIuõ7п-{Q;@\0\0Id2!q(~\")W*K.ٳgo믿ns=\'XZZ\\.imt:v{aa;32\0:tja\ZMOgϞM$\"T\\v\nJZn\ZXI@r0J 7v7,O//@]F\"~=fA(bu:/t:[력B(d3:*49Ƙp\0sί?ta0@{ZOHRIB:aIخK\n)Z/Iz Μ9\nG}_B\\N4\"\0iVU)efEQ\"~h(crnf2$I׳gnId{{[1??fx\r-hݻwn\\Efsyyٲ,_r׮]d^~qR}=ܥKhmRJ!D\r qjql6EΝ;[VV MR>fmm̙3\ZANV+nEZiAnRJ)1=d^boWh(=OZ}m(t11\":\nŋA<cy{^z \0`dd)IpΩp\nxE\0@aԆ\0\0(Y]Yt钔rue}nnnss\0vh4*eYW\\akd%^~Ç=zzmYV<mR}]z\\.K)zj|5\"r-\\،0Iz%Pܵ¹sŲwJc奯E)۷8[k~ֈF0JDbYh#\"g#THo[ЈZ\0^JJi-Q淤L.B)%\"v:X&G?yޯ/:uj{{;v\r0C\n!,K+ıa?LBi텅j=s{ws=aZnrrryyycc>CO>C.^bλWW}{8>t/@\n]vmoow:R4229::v|>?==tΜ9Ckσjfv0l64GھB	\0|;iS}{ӧ+ʥK8Awѱ\0HD)nf؉,2Mp8NA44E2RAi}ݨfCXoKJ) hk|Tk-\0AJ)d/MJBqcN26vĉGg?;>>:uJk-m;I!aBZfb\0e?,F<<ƚKeVeVU\"K,VMQiʐh{dkҠ5/c0n\0f<\r?\0̓m)[bILI\"kڲroG(x\'n{,sxg{osQs4 ;VVV??yƆmkkkwFqWvVsk#BqVz>??K/]x1Ipn766677<眣,R013F,˝7޸{m;~ڵK+{;ۘBZ<ٿČ\0\0 \0IDATqgHEu\Z0!hn_:6CBVzG5hlBJ#@ZJɵh3FN(eQJ/_t16*ʯگݺu<H#?[O%Lld=A!CBJ ms1BĶmDn+,4/֧>ׯ_8y=CEQdYv|3˗Qh^{71j{iV!,KqA8θ -%8P~W^yegƆcnKR\Z\rΞ=/,--9Xpeu:aBj)%/R\n|sRsc4~GD08}OXQcB2Hl1ZRKFcm B!RƘ1Ryx<^ZZZ^^rʉ\'N<;;ec,Ac$K!z&leeqXJ\Z`\'t: ~~hlmmݾ}̙3N:uWZj$Ǉٶ `^˲l8͵pxFavY( ;m[RC)}RkD9g\\kwgK);ZS=8\\Y]x5Nų=y94tĘ%|DhQS%BȼO_Mޜ?KVHG?%IB)u]׶mƘy,Fٳg/_ƥ}p/XIZцR`\"/L8cȐ`@vww˗/?Z~xee`\0T*vŋoޕ+Wçz[#<[o<ycn766~W2VVVzwc̶(d,Kkh4)q^EqԺeYoRⅇjڙ3g^j)t]RqSJy+QrmBcpQþ1eL(\0[hgBd`wR̍BA6YR	EaV+++vϞ=~_/²,JiOyΕf泥|(#	GhNL\'r>L֌0dY06\rG0\Zjմlr-1&8uT^}k_Z^BqEѥKlwww+\nV	̏1n=x</=SwUk}cNP)FecQo_Jynŭ_eB{_i餵8Y2^Y&(Nrjc%bԈr1!V+&J03\'g!D\rBQ8\r1X1V )5(cV\\JÅBi0[!Q쿎ucB1E!BǎE^~,ҨV_җR*۶hvsc۶	!eYjR!{{{0=W#< 7nǏ^Z;Eɓ\'a/bi.//߻wj^wĉ7oB/\\ӁW_}5s)%R8ZJ)RV$I1Ah$aj۷os}?{lZ\r\0X*EQh1nݺt3eIΊ(b&I\"4Gv)!}#|i6x1FR,O!@gIPB޽2Xvݻw,xb3c?{0\"JDQz0,keYQ\ZJgΜjummoŋ	!Iܾ}B^8q{m۶mx3g0<88ʊ1=vAܼyV9SEV+BM	c.~eW52˲8nݪ`jkEQlmo߻\"r](Je)q\"RB,Z+4`dC)LD,͟ !**\0h1 m4H#,2hR cy#O%xyjB<[_}9;yWV02p4k8qLd[h4D!`OA!4UJ7nPJ?OH)_|œ\'Ou/s]xѶ ^}UP8V?oF\r%ZQTaRRF$I8eYeY*,%^u0<ϛCqo޼P\rv`N#6cjY91q3橓Ƙ	!dڠwOȺ<B@\'PI9c`Bu`9eYe	y^ŔPjq.-FʝoI)#Ru%ZkJqY</|߯V~A`YC=/}~|M:\r^~e)%Ă0wvv`\'ɣ>5Nu:jzJnݎ8\"p1\nq\\-hB|G	%*WeݺsufeڶR!\rf1\r\nIeJtox#0FS}6\0#BBkc4Bi40:M/#d\ncFZ#11yi	(S f\ZEFcrzI&/Bq<홟^~ٜB\\v駟߽v>	gYJ)!uĉq~ERZV!|P!N9I\'\0.eYH\n۶mC(v\Zc|J1p2{@\'45!F|p<$&L=XyfBJCJ\ZS\nxclv^݅+By~0\n4\Z#C,t:!BD)-p]\'xL2F%Ifa^W%x<#*\n8AzVv\'ٸnE?Z֍7>Oߺu{h\0}sss~~>yTi%0Sgb6c7eYa*vmƘw\nɕR\0\\#&2͛7F^S#lvV3\\EYr!1\Z6BGQ@DwDOk3 V%E)<{\0Gi |u]ACxЙy۶3Qcz^1&Zs΃w]ײ,B,Kˢ!hBH/ˏ<j`uű(0qv^}7~7zf^_ZZrIGZ^^~뭷B<T)RYMpg<w]h4ZXXY|#monnRBlJF	J(( R@^,-8s`\Zpqtu=	 5cѓuM1	#:N 8JF,=0$Idii)2cܲ,۶^8@S~~exONzW*H93ÃJiJYZRjm<PdsǱ8a\ZccJ0֠=3`0,˲͋/7o^p`賟lj9q℔Rk)XRcnܸ*۷=s!TT1r04}˲1 XXXyN{v{eeV}ٟWdc|{{ (1&4LBXRJ)(EZawm FHùE(ʛ A(j;EQ\\\"Zk,۶1YG!FI5t4R+Ắ繖eɲ(<s6a&8TЗB0!G%hqMPݤ\ri}\0nv`=F\0zʶmJ鷿mOzfַu%!ywMܹs_A}߶m8(c\ZFݻw HHkmYNRJv.Sc8UUЀ0NR9yoƵk,j!AY7ZmfB@x\r`?BBeYIiҌ1لֺV5MqE{0N(\rqZ(͖eeӄre!NhR\nl޶myQ\0gw>AgOBHg;1K 1J)rL̤eYj)RJqZ,)\ryރz<8<<tcǎ&ŋ\'nQ6\Z\ru6tzB%eEanvAA0\Z(rgyyj14MD)\nIyQsn[?jnܸqgwxz}\"ZEQF(!1tfVxZYB\'?@m1f?1pRLeElƲq<V<2-@S1&jj5<1Բm;nyF鑣\'O\\0~Ru]F)Rjcc)%(a1ju,+<tBHQe\'O,c3όFhChifYXX3c\\VR*)F!tIkזOyC=,OcmaXVAX^^^XXx677fenܽ9B(|#TT2^zmob8&y\"nEc=z̙31ul(\ZEQ<zݫR8ݽy{jɓ\'4y!Zq\rͶmuh(*\r h#wCI8(<!GVf{ !yiZ?+\rc8Jժ:,KRy%VB,*˲(\n50H)eߟ;w\\Z}Ӱé,K)e<RtAM48VWW0ƄzvxxSRk)c,B+1i---لA`gwqܹCm\ZBhxxH)j\"+!$!_ɓEQӇ~buuUsa\neYHW*ՅB0l4\Zc*~VEQ~_MsY8i/Shڶ\r YQׅ:ꯏ{lF7\\H,Ǡ<9/1-BA)e)8糙9j=SnEEQFӑR.//c8~AȲj}1K)WVVʲBXv<Z,A#F0=0Pm$h4/pbuuqqV].0akN;۾[\n}0Ji6	L5Ms˚ay\\>{0,(^7RIq*0MӭŲ,+2fyZjnp}{o\\:,R</B:Mkmjtz\n<%(2FߟSE[oݰ,hJҶeY($IVmkS|XB\0J)AY;;;m?YC\0S\\nȲ8x4M{w 2Ϟ;G)`?8Y	!YEQ0gJ)Fj\ZEĚ;wNe3:uʯWn(hRJǽAEvmcd&[DҢxmmG>:B#$ƘbbQ%/˒1Y\Zcǎ-,k4\Z|v<رcΜ9~xрsvn,+{mnn4M)Z\r!~0,\r8\0@R|hQU!d.h3zcNcp_ƈ1ܲ,B۶B04jJjݼy,I4]__ϲlccbG?Qכ&pb@mnu]!x<N $ӵk\Zcl*Rzj)0|0F#1_\\rzh}/--y>15D9b>,zO~ΝCF#\'D)њtc\'I;yjanεΝ;gZwz(פ<ؠUժժeY9B! \"x7 F^_Nn}4&`(?4+Mpt=\rq]h$l[QZW˲ܪc;J)vf)!ι1F2\r	P9!1ݻw+JeZڸ|0	(xjpMⰗv#Ǟ|۪T*!+Y,emݻ{8i뺄bc绔(8Bx: }{1T²,O1\rV{m28CKΩ(lQ.FHS\'?Ɋi1>Xq$,87Jy8^Q(\n90\Z0M˲Rqa&oN/`/+-`(ܴPh+oX#ۿk_?DcV$Cj.\n\0%$@cTBA!۶$\rcy_!8$۞fIMcBi/Z[ivA?	`wwV,<se!$?b,kJ=۶)IQ*ؼ1=Hڶmq0{{{B=J1c6	!.xee9q|$	<ϲVŃBr{|@R^m*K^?4C),˲,\'1샃׾?C=RjsssssccLV;vN{Uuy晃+\nY$M|g!0VPY?4	!cZke<>3eZk~x?F!B|`-1fQJWVVVVV(a޻wcL)-\"M,O@l1ƚNRJ6\Z\rcY6771ƕJeoooyyy0@M\0J){u1v۲]!dDnx`a---yw۷m9C16E㭺O?G֚̅*Ґ	 ƘJ)Aeɻh&2\'RWf4677766ﮬ9sf}}\'|_T*e)>L[?o~ʕ+__W\ZeO;|M xn>u&R\n0\n	`!5eAβ,˲eOל0<~o\\3h--я~裗InZRs]w4\Zyվw^٬VJŲ4M,v7cyk0jQhCʲ#T*ۛ<CHckFZGsښ)(dÝެ%,<Z4(\Zi:Jc<=ܶ(샮R@Y%ظuV\\XX8}SN/ jqĉj믿k<gI4~z{ tVûF*eYZO/dVJO҄fe\0J,˪\0B?=ϻu{Wðq\\U(Z]]<ŝ,Y$J)5Q(J)0ʲDl\'{^h4\\IAR!\\vs \0\0 \0IDATtΞ]_\\\\t4ta\\|h}mjVN\ryi6$+^cxQq,J.\"I8KK^r. m,1s.ioBy8J8NYQi%{N.--!sȷ^|!\Z{?oy\0C?kB@/3RJM\\*3DBz&SEQ(RJiYmW*x1e!?o޼y<=ZGQD7\0ZJǱy뺮kY8@ð^g|t6$$B\\e|PJ%I]7<!Do,{l9_^^Gѽ{]yer?O>977ݥi!NG)1e1/R\n3g<σn4[{qʲrcL~1W\nu] h4cn6Z瞫̵~,//IwtzF񇸿:4+EQBֽ^b`5;a@{ ۬44ƌF# d-`o믿v]wgg!dYt\r*J?vXZmPEQcƘ;lqq!eYYy3Ƅh)f\Z}lYWm^k$)E93X\\\\$q?h6ApǍ1oۿO}jm]&KKA4]XX0\Z\rH;s0/Z0JVǇazr%eYfYsت\ZcJ!hр2+˒,K[7҄z977w#/_~G~׽pv}koR5t\rhڌ1q3ƌlqMC,Rt9B\0J(! <oF( Rn?VAPT$ݽs	<Kd0xW4|b 3ƀ\rҦ:骠yaFQa_$suPq9^{{{NnooB߽{V]|v:۶m.ay!4Z7j\\q\\fyqe9s4Ra߯uu0+*q^<JR\n3Dk]bRܼ/_|ɓqY<v6w&,?amN}<le׀_B,V0ٶ]YYEQpQ>1YQJA	k4\ZgΜ,\'xanRxVJ<cz<jh6\Z`\ncyVJ)jQi (QQJ;cl+<#jAye{wִkkkqijFoo=u|VNaEqSq;61y&Շ~+EQ\'IEQ c(ZoRhs[֠?\nb}cvjeY$BH\r&-$cLB11 mZk)y{;_^xXr2ZM/&dz!R)~\'Cm(J)۶!Wcx\Z\0BBy椵Jt4\ZA\0, }R{{{aO)m4\ZT*<+h4jZy}y^`:YBzˌ 1cJih4庢Avr^OӴWՃ-3gjy}?ٜ;88$Q$\"eYeǎ;qD\n5pe\",97I)45CPEA.T~Shܜ18kɌ1sBacJZ),7>\\V_y\'CTU˲~\Z,Q	8%̡8R\n9afYRjɲiVNdlnn.--^O)@Jm<,KkR6\Z\r_۶-c\\BeYJ,!eY2ƚͦ뺠!1,)JE|{ngg瑇/c۶mˣ28</.C%/?Hݞ_<aVp!B%e`bf4&D#\n.GD+gG!(\0J,\rDQJ6RRJX+V\n#xk;Ϟ=g}G)uJ)t;n0b),ˊ8\"Xm]N7BBsa\ZEh4A\0⫯R(\nǱ)M ʲ(ڷ8F#۶alW3mcY%B4M$!p	xZ3{^_-Sw=qb,`e<Ӄ}x4\Zu:<Ϸ9{K\np*ű燮3t4O<RH!R\nщ v9BGT4Mcu BWS\"SaJQAp֭vnTN2fo\ZF֎EzRJcmzb2fSm&Ѝ1Zk!8\0RJhss#!Ķ0_}N8JVi鱉J)׵Ryp]qJ)!Ln2A`,KxyvsJ!4Eb4B1w~oF.\\?~%Gi7n|\'Ri8PB*#)*B*RR(!TẔҎq)(e4sql.Tڝ,)1Ƃ1pVpa=Jm$w`g{Upmeym)BRJkmY?	c!Dk~wɻc<mY8gUӵMBHӁJ\\?~16\Z\rAp}gg}%j<Cڶ98$I( C㴙LÑfqZcmQ!x<SJ/Y9stZ6778/,w6Ν;w;f\'h6\0۶miY%iyYɒ!R!4\"eYE>Gy!\0lB,BjBB(suE(7&dM&Cܻun<Ik$+\r`5H4/Ƙ8B)eq$xnexKW\\yx@]ۭ=buoYm[ YV*8a$T-FaJiZk`zIJժ:cuyk\"N>dz0?/~t:󟏇}!2\"/KQ*\"K)e\r<Ҵ(\n2,K%\rB)\'+j\n/4*8綡c1e<빮nTy>}R\n3AN \"B\"d@0jXL9[$ ϬIh#\r?QJ5*mۇǏWJEQTEEv޽{B<k*;=߉xaachvvvLa\ZH)4\rR\n˲8R[8c\'IrqP^i\'Fq^q˲A;7~hoûiAJ)b8egYYF\Z)%@M(S%v&V tRJ\"	\rmCuKz.B	YΝ^R\n5(g6?N΢z迳 Qu5&BJmۘ2qJsvr-mTI>;\'%cDJ	|yVZ(N1BAFiǲ1Fi-\"fyz\'>1(MN*>ث\Z~󔹎DF\n\";E1nZ0Ri}X*11,K/4 c:J)BMpbAe9Wռuݍǎ}ȅG=<<\\G_~量<לVҥKి[q*JQ\'YE$I(eiJ9I\"i:7/ hdj]k1`R	9Ա(D,A(	!ccϲK.}3F(*R*W^mԪb0-.&9G!C0ĠLT\"0ƌFB\'+^syʲioƘ$vG)Ux<O))Aj`ih4wc!2Spضm̲,sd	c̶φ8άdlRJGIj۶mېGMW$	NX*Xc^yM$IN>}=Ǐߺji`pxx۶0jۧV-ˢ\rC)4B\\)%ɲLaiVpq8Ȳ\'!Q B&<\"N! c8 V`ZICs@0>]~=s˲Ңq%HĔ0XD1&RRL(Z{}8;s^d\rB4M\09KD\0இw^]]X^^TW_}^oooU R\\jȲ,uԞ\Z\"<RJqfq@ C!?L\'2շl7i/!DR$I@V\" DöF+AR+/pqi>vww?~YNZ6B!t9炫 eYf\\xYf96Bhdha1px\0\"Bضm#B\0eFWL2J;NVp4\Z裏ٟYgZkB\"4MbF4,KLOZcmf~u]`eYA\0ih?\n9JiZ}?cXG80d :Z8$</}JiQj52`ʲ,Kmbz B\0?QJph5憄56S*2XƘ(\nc&Gc`\'Bxu^pҒriil6ݻwc/e*;;;<MR#,f,KӲ(4M(B۶l*PE&e\\E5!V9ϲ,39^!Y,I1x2J1fccR\\zW~W|?q۷nb+`0jU;U3?Ħ\'!1\0P͛7˲6%AOٌF:54UAPT\0\ntR\Z*qxYxpooo6\0\00e!8˲q+uݜsO#eY:#e8P%Rʀ_MBy!m;s)e߷,(<xaqq2NDh:\Z\neZ\\(iynZM,!į֒$5YY\07I3;2EQ2NbczRJtR<3!h$Vo3<~Z4}Fap!\"#49o\Z\0ЉaN)|ggޑΏ*Q@(˒.tvy\0tz+ຮ2CPg~{~(1I\00Ɣb!!1,\\N!nVJSǡm۳Ëc6bG3 L̑e^XeWKKKHrШ˲lnnq8\ZV?\'Μ9OcFö-J)Xβ$˲8N+\0-R~N<z#lۆPCxN-L\'1!`~Fho~KPqc2+Z֏#t\0?pSֺ?Nd}}R0B!C)ea	!(!!DHڧ뺔RheYB?dm.SOq777+8YBR<=;kHeYih8jRK)*(sd4lXSJ6ei<$I\Z5GJZ^|leW?^<^w;NFa9!$s2\n\" ARpqJ8\',{6h89@s9jeeiϓGlي[JhRRi	!Cp)EzǓO<իWm+,JT\0H|O[\"S/ݼysJ!H)AEp T#\06c۶ô0M\0S¬J)˲JB0mz7kZEI<,뺜xC(\\O\0$eiY.RcP~Z),ǁ͘c(q$I ooo[yy4MmJ*2}n4\ZqYEʲwp0\0=C4)eI B	!IiZ\'t4\ZQJ-Ƕ,˚ޤ\0)0RJ.8nwh.^//QB#\"}z\Z!̻Bp{2AJ4+o~n#˲r~Tm1`\\m29Lci꺮G$I|߯T*D)R,K52FJ3??wɷ~u8Aj0Ƅ !eYKKKRryR4MW@T*$I9:j\ZT!i\nvG)dyÖ+Rzx$ɕG.C(a(|IBϤ{REQqeRqfzYE)J*UֺhΡy̓moM{<ouzzD@, *\"ec!)E2!8Iap\\H(G\nc8BFԭDw{ws=yM_9}[Urص>{Xo}뛗RZnW敔2Xh@qQzLMg4T\0@*%DUnҦis_~b˗/^p0\ZRJ.*\0(G	P*4=_6ry\\6p>gڬkk-svKFb#\rooovッ/C<cl$S\0x)eYO\"${zjyBbd|\'Ǳ1F7\nde2꺖4~~[khTUsy!]|trvZ[W׵nʦip\0I\0pd:mƾ(2!Dǈ	jĹwHQu]hW-Z\Z4~1|bEd2fWUUi=So.˲O\0@*\0oB|=i4cgZlcˉ_5NyrZ֛3VcｔsV\"IH+jЇ꺦VWWdl9޺Ŗ[ѼQOUY@,\\%jR3\0(mUU%vQ5+++{{{y:x||Lo+%௽ۤ䈎RTEy洮s\n6\0\0a͍ʊZ{,U{=\n!BEeY^\n!c#dk`KHeu%b$GGN;{Ww/]~^h16d\07%\0}Al%b,t!RܜH<\0_w,.=zGLofo-_җۿ}mmݻ<:>LlQB$I[rvk╥tUaAlaqaQԄ4MZ5\0BK[W\\	9GJ=Ps.P{o3x\\uǽ~E&V/0yBdYd5#LӴ(Kz\n\Zs/4a;<888qjc4-\n TOɿ	1ws5\"GnF+PBEu1Ƽoa	D\0`\0=-|!wn\"ѧi,ݻ1\"{K\ZEE $IRN-w-gtjB-]DZ.;8	ޟlEQe5SO=ATU\0Zk*`N;RpN\0\0 \0IDATJanݼ_lV8<x\"iV/_6I)	<ϳ,9GFZj& \'qt=C\06MsrrRe+M4Nd4\Z5U=XY\0\0p(ꛠ\0k-\0#3O)Ov[1JM]\0ZknQ)e\"3\"?<QY*K\0q|4e]8^|6Ey<??\'6=,a{\"tR )WJ1ϵӚ`<@k}rro(<H4<ii^|LB(ZFp2˵/\"\0X^4ʕb%#F4M^ks1Fd-\0=  4Msnww7(EczB\0RJ7KG?e{\0#azzT5cT_z\0cQ뻻PA+)*윩׍1I;w.h$=O6D4=	A4MCvZiqqƍ0ɐX׵ǟX]]*|)[#\0y ZknFʤx4N-(MZsa$;gѷ}۷ڝZ.cRBɺ˲9[\\Ĉ\"bQVi\Z2VYwl6˪^K\0\0F\0\0@\0@~|=1aN&6:	ni9ğ}!\0uQc^}v97wv71i\n!16LVWW4Re);HEF-\nZÅJsjXU۪ղ,ei:͊$I>9jѫ$IGQD6iioH)iBue0qmt]aIZ,˗^zW^;pZ]]BE1\Zwι9+W \">#}	\"\"|AD!}Hd2)_O0ONNzUc@cX\n\0@ UӈJ`\0Ґ^@f\009\0 \0pp)\n\0:\0p>C\036z4_ԷhShr9Je:;\rw%\"\Z%Tu~UUu=ʍ1}4Q]usT=T/a$`KQ\08j;DA@+D,\0aVHVk2 ʊot:|6W6J,[ֺpΕREQ \",x¥>kjJ5I8箩1h\"@+BɦuIqiw-jVݫy~#o&2{vz]0)BFqp$sсw3\0hZ{kZB\0VK4ͯo\rV{=΅nܸQ%@o21)ZƸ`zJ)S[2({4d<wnz366q^hzUaX\\x8sd\0 e\0\0Rr\0p\0ՙ\r\0\0{1/<\0DRvl2LJ0XUU5HcLi4s8{S9gWd8:?|uq<{$B_1=<<dEQ4͊罯[~\'S6C)\0\\pXRJ)ONN~iDvZKkRJbA8\nz?[HtNߢ/oX<\n!R׶;?Avݻw)&/75ߨ}UU7nܸrJY=X[nx0;.\0ui5mN\0\0\0m\0`y\0;\0\09\0\0\n\0a18\0\0\0ٓ(hUX<tmtoTOo\nrۑ=#.\"\"&Fx(LÀ8rd(X%XJ\0B\n\0m\0K:\0Rer/~Թ9cMnB~nvV^x+p\nK8EВ])[P9\0!gaf^:޽Zߌ\'ґ>dӧ2Tg@[(=\0.;rZպ}O_~~RN#V(\n9\'\\5q\"tZ\n6Z+W?wP2t\n\0aOVڕT-!9\0!\0L\\r\0 M)ij}]>e^t޸z4eYFQgqƥA\0\09\'<I\'qʹb;g-;Mfep4\Z\"inE$2:h}nWU!}d9$t_(eaX4ZΤ[Q:R}jG+W;wN)jlA^1rY7H0gVrq	/_&+5ZK\"sp:^sԾ	Sammm4\Z$ɵk׮_W_}5V!\0<9粒\0@jv\0(C\0\0\0\0\0c)z@x\0@cRi\0p,sm@J)ۛkԈzbc,\03ƭ8猵3R9\"kkmTc\n\0&@]Ah9\"\nd-` @k4/$	\\gzҠ* f0lZGQ^>,(YBKƘ^x@8(lk°_Ը,y׻F#8&4é0cyQ4ZSeCgc\\pDtE9&=X|( 9ԖpOG\n\0g:\\)s\0^غO_.]B1;pΫ\0@̞$:*\0\'\r DB\0#cLZ\0\0E,4tbId{{*hj:,c,ƘgzSy\'@MZ뜔RDw\0/sx$DdyIB?wŐt;ݦih?{_UUKH_HdZ8@59G~fI),QALpz·\'\r\"mozc,:B<	c19uUUUUigEU5\0,9]穉iP\0ܫ+C \0|L<y˗rE<d3`3ƜHx+J<ϷONN֌1x;[weY7s]s|	@K(	\0{\05X\0\0kXIS\"\0 q\08\0r\0x\"Uy>ck\Zuj-&04dR[kwt9sga\\hZQHl|;cZ\rocV\n\\:\0gvv6;wƍIL&4M\'	A뺦NRqXĄE9\';,\n;#1\"=9+?!c[woyvn_˴i6GZ=MpMdgtιf9iY4M2PBIp\0\0\0Q&\n(LQ$g6QWRJ(Ēpn[\0O\'Is;h?9<\n;;?Oe+hEQDQ\"B\0625u\0Zr\0@K[3\"\0V\0\Zs@\0)EQf3I-77!\0dq1Ʋι\'(CRh}D[;4R)paV\0ւsΈB\0uv{{޽{{{{DhִksYcVVV(V}0Su+P(y[\0΃x/?Ei2ƈRJ)l!xW!RZ59*^g PUQZ<ϣ(\nWVVNNNVWW4UJ}Z9@϶l1P\n>fU]z M]Ɲ;wzRYӄA`kEDswӱi	cgA4J(*\\o41\0j	8IzMA<2!w5Y(ZeE18wy܁7w,K:h7At\r4>IZ]`)dd<T}ϥ\"Xba#-=1\ZIO>/zш(bYn*E\0\0,97Y\\z,?c-\0u؛,FǦi17M3Nd20\0rtVeYV5tKoΛAħ~իGGGZ;L!Q)ZkMqEQ4/_ݝdڽ?~x|͛7,<+~@8mUq$FSŬ`WWVNOZ*A\n]cL,sw&X;#?*_(:-Tܱ.\rVNr&IEVtHv.jZk`kTm+P??Oÿe6ap<mìpVX}|||%ZV6*KJUY[k$ᜓqT~\'?vG(gcLH-g=\06N{_|v((3ĉOGCVPO9.q1HQD]\0v7:xxZUՅ[Nn;z6f~Z^7.˩&yF\0:~U.򕯈@z=`/458P\0I93	\0xzeuÅE-%\"4\0U[8:B+Btco&ưm&[z_*\\fkekTNXpx[tm%[t\0[;,=U$E_MP{m=gyB0u)cuZ[]eFC cMƆb:q$l!qL`tgeQk-\r	a`L`y\\nHy! \"T$E[H)e6<.vbI*pcU,h\")P)v)v9)*`gUUMF\'`}}=MS7I)0D}O<ʲyb\Z\0(66٬4MYV]qߟfJHjy~~?K7|.݇>O?\'?ۿoG6\0V\ZzS?ݧم<^ӟu{~\0NOcO}?M@?Qh\0{/Fσ1_A/_4M>W^/CaΪY\"{/DM2ϝ;E-6si8ffM)eQPvR\0IMh0hؖ\r`J.A)eǭVkgggwz-Q$ni.Fד`B1\Zc,-ey||<+ǣh:^zKj,NɤlllpΧ)=Ep	\0$7\'UUUlF`0p</9\'|4MeB\0 `\"\00/`\\-?r?*@].z\'Xo?VVVn>v\0pq^mʍ_nkuQ1}?w?sgɇ\'>Or|g~-斸=Tv?W^;m:IX\0S~?w\'_@_z\0Q4>_IN<pQD$W(¹y,cDK,..a,/qLM%Jd*\'Zv.\\ZBsIo\0\\8B/Kԋ99:ZPֆB0)DֹiƓ1.vҖR2oʲZWUtB\0Ru]5<MV\0-)p#1?T[\0f\r8l2m\')Jݫ+}C6kQ;CH6dO|&(MSMkϝ;W;wϊ@l%yٟt:͓]{?M|w7\0|$˲//}_OQywh nsw!^x/|Oogg碌cK}?ԧrde@Y`08;Z61FAUUJeT.MӴ8{{ʲ\'\ZZʉJ)<\'P-bCdabpfy;ޱJ!\\71U@\0)]rZD\nZ뜣{xUyg$IFιv;M$R9y: b<N9UUQ_BDXmessSay\0Rz$1Ɯ;;;$:&w}wi}Y\Z\0\0\0	\0p0O؏w?d\"L`\"{qguV66m^A(FDHlZ8}e?`V͠Wc3ڂ{ lqCࡅv;PJuNv$wf8;)[K?}=ju/[+ǣ__Lyxmw<׀H+\rͤ1se^kMIH#z\0HZBizrr\" m60ƘDB:E\0H౐I\\Z]|v+z!hq.ՂlӨ/?\rVJu]c-=Q)*(nOpQ}p]aKq^E)+Z,\":,)bQ߆aD$?˲nohl2AE\rp8ҥK5.?\00~^/?}f4||K^OqZRJB~G>z+O?A?_`0	!NOO[t:}{oWS矿y棅@lXxϟܸq\\b$^#H>{\'m~ylr,E,eY>n$LXk<%$xzΞ,_%I``0W^r$	ZDDCgؾeO%13[fHr\ZsY5Khsc\0s>L</֭[4usb_8k0*D겪T,KӔtQr[iRŋMpΛ9<<Z???!i7\0\0Z\0֧pl?OfA\r5ϷֿO|(cu܉99c %\'U=ڋ?%!l6 Pp|oz2~k]_^>>|g˿oR\'?=~A1B^1Y0hl\\5%G\0XY\0\0\0fmf壏>::9O$Ek<L2vX5\"B lK[R)}*	WzՕ+ɸ R7:	cƘ.\'1	0VƘ|ƣW[S[cУ\'Adg7>/\r:1RpUȘ󰊒~@Nuk%7\0N\'[!0sq\"\'>+M%1υ9h(%D֤tE`u,h0Zo$\0`n\n\r\0{$Inmuv;^J4緶,k˰n<)666^޻>Xv$<S?ӳ~*:䣏>9$Nk}w4GGGW.]B0gV\Znڊ ˳=PESՃۣhfkT\0\0NIDAT׮=sJ*Q)5kfYy<xv=5uE2M9\0\0\0ͭ0hT19\0\0dg6q<\nREZY&J\'lգNsҥ+WJ(l]qŔRTRJ!Ӻ94MUkkmT{m}4efC#wys\"Yqp0+fN{q\0@\0\'CΝsh=O?η9m8ڦi\"f<+˲69%\"\ZyG@Dt\rFQ$IR $	0P_`4M/^hIG\0\010Q7|;XF{09\'7AF <<؎Ué\Z:\0UM56yi+jύǷO\'spZֶ6kB?sfٽH0W]e}}r-$]n2ngeU;!pkv\']7\0id<y#,xGmLNF?͛7{h6<3.1\0BcjyVitIq񹝕˻766<Ͻ<y!Lys\":t;y$n9X1g_*\0(ʦ\\0h!c\\\0[xE\0cMZs9WRmEys\Z{G\0{Xa5wsXēbnhz0RfF/lockq){^Ԉiyc\"qOkkkGJl6itxxG\'ιL_xK=;wO>2M׮]u`ƍzr,NJ+6&/k[1vd2q޽{Zi85i\Ze<m)vU\0@>-F9sHt<	Bt{~V$B,˜ar=֯_h*Dd)Xk\rmu9\rS[kVGAƱ\"7FJ3>wa!<(s䫉)S)֢ȼ眣gn>Qs!$<R)%\0ZN\'9Uֲދd\0؝|}mMy;լIBn}ev=lT|Co;<<˯ݻ\'I\'ҋ_:<Y]9\r[f|/rkk׳spa<ӕ{e>pjkkp4on/?ē/K7ٖ PM]\'ZBA5_dp\"6^v($Q{/\0)9Bj|m.^8o&MY\0i8,N		!4=G\\Ľ^e/J\\rurHha,8p&\\x`cm]X\'q\0qdϯY<q@|i\ZucZu`*C(5E\"04fsF{C 2Ǚz缝cs-B%ceQQF畐H6T\0\0;u$\0i3Ez\0cI㸭³>;)Z\'w}Sv^~$^pn6=3n.]dѿky]}_Cc̵GW_m%v=L=[nZ?+s=eYul\0$!lgZw-Zk7w ,b4)۷IL&uř?C%ID1/]\Z<h XYY,6B)Bn4}>EDƹvsZGuB!,ה\0DpNspvyyC9<o&[}f z^cAs\\A=\"x5EUy\"b8Jg$I֣Vɣhme9ɲ,	v+Izcs>}J9Fƕ\rh::9\r#!^khtER\\~qsKa8hcz~}篝瞋{P\'!o-7Wb	95Q\\pdBi3aȸCT`(.,(!:l2Ah{wV+9\0O$\0\0\0SGE,l\'I3xk<H/\nGQ5>VJu+{TZyT\0`97\"`ȕB8HiUڔn\0Lok\0([h`2@qWJYڐ噂\0\0gqt\"Pլ,+cBg9r8RJRZs8z{8 eG,Zkȹs&s~za/$Q]ιNSd9ylllؤ;NWzϟU0igrUUei;}i:sv{8 NS\0H%x0sxh<M\0ϽGCH!`\0y=\0 NE5p!\00_[$Y___9X!ZikZL\\ISW50fs6QERiw?1Ɗhk+}XMĿAr.u#KC~I62g1m\";=H^ _Ua9ךB#qA0XE\0\rE{\0\0\0-R\"\"\'*_Z/\"UU5Yahy饗Df\0Bk\0\n\0w2`8Y.@`@\Zf:hu]aSM$IEZLgEuy$+\0I]wwhιWF&n5M\01`LX\03\'@\03c!YS#sn6QT㺪\0 MSvܳ}{H~^Zi9j41>r	\0Z֚{EJ?r2\Z\0t,PK)T\rztK!(fz:Ow:N4IZ!\0)A4MQ4eB	ywi\Zm5kXu]{\0)A[Eiv$49ds@[1FQna#J|啿\rVV4Z[׵Z[E1ΣD&\"r@bzWw9WKΆGt\rG0qx>bS\0,2Kӑ&\"WʢH\ncZk611-#XpDDvƨc\ZM\"D)3\01Xkkk/^޾_uvv\'<zB,7dtAko\'Zd2L0bt:\ZaeU/Ti93ƐDOixLPi\Z3eh,;꿢(t(J%ݻw7בsc6\0r6R\'J✓\0qn>.z3<#-j(gG,2\0飀R	CcT%82L8dRscMbC>z\nH9@2T 9i-֢s>(ڳeq!Y\0V*gY+ 6\0QgN:ݻ7׎6\'QA	b(4w7%6wnXi;BcBI`!1,l2NlVEȴw\ZК57Z;<z){o@ƈh\Z#cJ[AON s|9\0.\0&8!UX%杻[ijkcQ#gsnI $Gp0`{-EȈaFD\r38Y&#(0|4\ZF,iQ(rmm(\rDf\0@1V#\"8I\ZsΉ(DQ@Cei꺮k58È0=(ι fs(Mݪ.677˼PJcTU&id6c\0n+	Z!{G|U\r<ISy1pΕ]ֺ,˧i9-J4Hvv΍1EQ8ey.8zDt{{9t$ֺ,٬dc1\'qoPsQ1D޾}ܿt2-6\'3\"q޿p]Lqj>\r2\\hna\0	\0\0\0rcAJ`:8889:w:ՊUDxǣUUE{S5u]fd2,kkRJH)DS~*i;m6$xϲ;tH\\bTH8ezѽ4I:ϒ$°kX\"J|ǻJ\ZA]Ha@s!PrϘ5nʦ(1@R-CO@vYx#d\\u\"z\0D8uUUY#[\"\0ywd\0Ɖ+&^Dxm-\r4\r4\r\"*j3)d2n>iQ\0l37ϑ;c<cL[A@M7޽{n(=I78Y3k,\'I^RֵZC\"+GU1&@ѹ.f1`s7oXh\"\"\0qlt:9wWZiD4yQD4.\\|ǟzt:$(4Mi4ǌG_ޠ|ߦiRDzĳ25ߩɅ$O&HdwEQffrqWQ\0\"FQϦ{{{_wv9h5\0\08EՀ1FT|ۜs{OCDDS%W*]\n\006lg(G!0\n)s~ܹ$Iʳ[h8FXx8\Z\'{w8vv-A,a^v]|1fY/!Æ,9X-ɒ_UCͬdB f$\n|u&ǌ(ED4\nU# \0HU\rʠV `0!Lߜ\rCuy0\Z10Lg49W]]]}~>L>a2L\'vVN \"fN,̌e_ǃb|%JE\n\02P@)YL1bMaH@\0TR\0\09?<<|Z.[p3+@~Aj\\ V1\'*|{{R1uu&Q.(\0T{Z!h\0Q6\r~&d^UhB0ƴւvj8.P.\0`4RJi\\p8NDtX-^)BL DDky\"TX9fbfan\rWHE̬~7D`0Мu1UU]\\\\t:RBo_9uMe<[ffnWuJED@3\0O\0vr9~>\0P37uZ/6\0`,Xksi\ZTIr։h]]}a~=>>|>\ZC󎩈(J>6P0/KTϿgmD\0윻]߷Al6+*\'\03xVu]S\"?<1sIjnnӮ[b6!h\'=H) _9cTzs!znrblVs_^^%#bOs]%\"h11h2!6缯cӓv[Hb^HR&DD:DEaR3\\\0塱$\"\"%Y׿}}Hh	VL4>S&uӘ6df/-\0 4˅xuzry1?991\Z13b[IֳFD@Dz[X\0Ю|]V˒1\0\0\0\0IENDB`'),(13,'Paolo','Plaza','Paolo Plaza','1962-02-12','Ecuatoriana','Salsa',55000,'\0JFIF\0\0H\0H\0\0\0C\0\n\n\n\r\r\0C		\r\r\0\0\0\"\0\0\0\0\0\0\0\0\0\0\0\0	\n\0\0\0\0}\0!1AQa\"q2#BR$3br	\n\Z%&\'()*456789:CDEFGHIJSTUVWXYZcdefghijstuvwxyz\0\0\0\0\0\0\0\0	\n\0\0\0w\0!1AQaq\"2B	#3Rbr\n$4%\Z&\'()*56789:CDEFGHIJSTUVWXYZcdefghijstuvwxyz\0\0\0?\0\Z=E~x}zT4%)D(,MYJe̕D73i\0߻\0^\0V\rZόWPV>$?=ԟz8\0_\0Awc[7bҴehV{Yv*ܫ5z~\0uno\0\0~wSS[o?qM?\'wjm(tO\"\ZZ\0hdF*_KDSSY\0\'m7L3\0o\0}}K̰O\0-~Z^?\0>kO,_hʷ\\c*\rz>VPϥ^?[wm\';mG>\'Ȟ)|bա8{\0`U>ٛyKg\0O\0ו\0H?{i\0\0\05\0#0U;+bکܥv=\'ȥW:SBJe=)v}\0\\՘R.ytS+\"(OJ\0ת	Solכv\0V73`]~h:9?:X5Ȥ{7_&?%fbevKzZ?pW@-cQԵ+OSgu7Wj*ݮ&\0ooq\0m|~V\0oUms)btQy\0<\0\0̴|I#ph\Z.Sv/7o%}fx	yC}TQ4ޯCC|Yozbuߵ뛼ۄp_?O	eN_SKk\0\0\0]\0W_xIo	<Vg*;(`cGǈ?:6W\0UwW呙|\0_\rGeK]C.n\0VX85Y$O/ۿ׉K4F%*eqT>6qC\0\rϣk0x?ަh:V/Ae2+BEfU1&7>-A?`R>WYV?:_ʆ]WkmoW8&xP?Kg\0O\0ׄ6\no\0?v>oi?Ѡ.1/.zFҨj[?U:I*D+[SzRSi\0\Zt+ j/T<ʹmր4(z)&F짢Rl:\rA:T/VR*d=#+Gzށ\ržmx6̭nڭwkV:~h(VŞW,䉖?\nL}L?c_\Zkd2\0G_3線)cit+e|%*\rNFچ|vmܱ|wY?-rq4-mtht	f>k_VZsr sdŜ\Zt?Ÿ \0wʫ/]ǀoF\r7:>VIW\0j_z<U|آӵ?\"|h\0jxo˃//2yQ/ͻ\0Bo^/9!(W\Z1O\r4Cxj_ryQin3\0j⇊3jZl [.\06(u8o\'okGv\Z˙mSʋMݹw/۾ZKju85-3ž*ynu6!V/.e\0n=R~;\0,\0]E,\'VV2P^xSCv6:ClϷ_j\0hoh?`ѡ򼋨Y{E̛j\0J|^6l8(Z%$\0k{xNW1g\Z7CAP\0?ᯓ\ZM\0N_^_fW8磊\r*ܽskcLUFͭX/u7ikSdn0\0jHAYr\04l\niG1W\0YV*x+*h?h=	EY5{Re=#=:}*t\ZnC\0=kx5m+w*\'w*	}b\"T>	\0_\0LJ?JfH|7oW\0gxy#fݻwmޒB?c/sxM4}37_3ĚwǗ\0m|閾uY\0;:<߻\0K^?ÜXs~^Zit߾Y\\~]#L֠/>q.*#l۷\0?k:٬f,C+)4mGƾ SEmѴ!n}5>J{\0~\"VS\'\'-Hv_{5ٳ\r|_k6xkQ[8iݾmK=gX~_k>&\0A+6X]ߺúN~Cy}so^V+*)|ߒ8cionW?>ٯﯮkxmi<Hok|Y/_.l|[e{a4:ָ<IoVݻ֯!7W*SMO]]7[f\0hG |_P}Ᾱ7;W^\0f諺]\05cȥ\0A|ߒ4~7l/e_$\0k	҄GVvT0\0\\S&i|Ti[yygz׈lF=F\0f[k[KG*\0\0\"I-*ZV|x&^ ѵ\rXح5Ym^D򬊿-S\n┎g~yoȦu1|g}P~O$F&/jzrʿ­hou_y|%Ս-\0?-o?eG<9?Z+Wˢyz:<j!Hbt\'I?VTA\0 kUʯy4ҦMuG5V\03W_\"b\\~j_V>o|\0(k:UkN~|ghWsZ{msZg>k,1_ZO\0YWx_PK\0}׷őéx^σU~\0=<\"\02ʔᇜ<D!쟄ߴOyK7v5|顆y\0[~˾-\0\07P\0˛I\0~A/<7}_ʵp\0n^8cV?B{k^PO/_ڦuGG¿+3^]\n	xMKc\0Mfߛ_\"MK\0m}XuO71E.Ql>aZ?\\\0i\0>h\roV$\0/ԭ?C7>\0״L\Z%wů\0_Stb}[ƿ/n\0fڗ3+e\0^ŔÆx>ͦ\07\0!\0Vmmci <->6f]\05xm\0>O&XaqSO\n͢} RU_}\0ѫ\'<Mk\0U\0^\\\0|%m\0 ?yؓ9?[eHcy\"Yޝ?;0Ӥ[?*MwJ}NXrW>|jzڵ\'-ݑr]WܟPi-]\0CW	_=)a~mC7>L0y\0(h]M͏5,m.|ؿx4kwI/m>C!}??^W)-֕4R:22YZ6U\0-Z\n?4Z~8I\'!+f\0jĭ{׍ YHv/m]\n~%j_52o\"-/uo\0V_&긪\\Ǔ<P9y\0E}\07ԿS\0*x+?ڟGPJ}ڮ$u[::%7_%oJ g)gXZ6C\0-UMj70\0P\0U\0eMsS?|x5q\0b^\\\0mM\\C͹-g\0_\0B}@\'Vswy\Z|.nm3?6(_/\noٿW=A6*_7n\0j>|Ybҵ[dʛIra?3:9˽?Z_\'x>$|$b^x{ٳE\0wwS5~sW8	RF?|e2kS8nX\"͖Y\0׌ÝzӍ6_\"\'YOVxn}ύ\rl#W,kM]<s!ˊ˩rNgmu*<hٗ5r>#;ټeoUW\0AZ!\04YKc/.ve]\0?s6].f+*\0_W(D_|\0TdQ\0yNՉ6m:_#\0U\0ݮ¾nciw\0bF33}UVf\0v=&\0W?wυ8W\07ZھzTnDymO*˹w|u~|m/r\0CEim7;^8Z(|\0<w7_|:4;Эȑeei7*i3-}y<OP\0H?eUkԥge\r./m&5fkϊ\n\0W9e4}ce~3*-s/˵*x^PXrŧֻ՛kIoڭu9q|Hwy[?1Z忻u\Z\0S)=iW?\0f\ZWmJ\'ҿukM\0-\'o_UU}R|ke*Kכhݙp&o-|;ko&\Z%H|s.T\'\0k>i\0wo$V\0X\0;Es\0jazr(BWl=5ZIYI}oeJy}o\r\0MeHf\0kң\0ȵ5|xY_m*-[~\0yٿ}\0\\b\0|۫7唵1C#!ԭK\0ewt߾}DO\0?_n=|ؿܭY󛐽76w%imW\rkJ?n|qW3\0f<fԧ\0\r_/~?4-.{ieU/o띎gM6S:\\F]~/>t?%,R_O\0Uej\0r\n\0&_#P9{]_SR&0\'\0=e\0\"\0VW\0_7Eb폮}07\0+2\0-_)p\0ra&|<:\'ۼʫC<Z5Yle[1(h_|>euV\0\r2\0\0GZ~ɨ4?y_kz|n%U}͎q{okZ6iWO$>icc_*^ki]bo&ʟZ\05TD=߈,:ʟi_%!--_O=⎇\r%{M?5Z?~_n\0J	?~\nM+Yf-W)kφ+4,EKvV|&vF\\>K=߄95/\0]*w<-]JLo/\'o*(n$o5_zVu%jWK啗\0e|LTG0흣Kźe۷?\0}?moȽO?m޿{g[XZg붱$7裙k+}-[>8;G!ڟmCÚW4Ks\re]|\0,U:0\rRn|dn4AȮmf܉&ߕ[\0z扯<饟ʋʋΗWs3w^t#CRdV\'J\r*T)G*iV_\0:o|\0\0VwMrXZKz#o:KؿoklƌK\0aOg\0,?/ձgu5͵3}5`\0&\0~E\0)^1wZ$\0W4-5Ӧ\0X/7\0<\\?\0Q/C9G7Xo(&\0V{j_֨kQ\0ʉ\ZΆ/F+_\0\02|+_청2=\0UQms\0k.x	\03\0S,j-_\'49\0_Xo^y|.?mZ\0K6兖Og\0_.7+-2i湼߾,Qka}8*m>Ht?Kh!\0\0!m/Ė/瑱sCg<:\',f<e\03+G\':xm6/oqk5t3ڗد\0<~PGuO,7^17>KcrVYG\Zw+++nyi\0?olz|%a\0	$\ZωyI\\|~fQۻoV?]xF%?5yw_I\"w|ݯ̋?W6t~Xa\0zv/f|G}i\"|+?˒M\"\0jvis9yng}ܯ,no	y#\'4<WU/*YvW_ڙ<q[2Jj\0&\07|UsY\0btOYVly̫*Molg\0W2?=T:㏍oMHkx&/Ə6SeVi}Y8{Y?+J2\0V|\0j|gpV\0AO`\05ODɣf\0ޥ\0@˯j+Z2Cmm</7{f\0Mb^E(s6>HsO3O\0Qy=xz&_bZ:<siF\0_̵{3\0[\"5la\"\0?b\0RYk/?ꥮ3[\0\0ZC:\nߝ\0=bx\0Ж:U7Jxk3[~ioB\'g#O*>sQmsmDׯB{\\ՏWz͹i\Z<{iauI/|5zWF(2L(,mtIډWw&\0oxO{gI>$xr:Y_:VyXowU9tǞt<\\L\0~.mkZ\0O\0o\0K\0-k+ē\0ĶZn%Ǒe\0Uu\Zsqk_&/e4L[u\0|6;{}\0S5ZW\'(ml1o7OHnT5\0C\09HxJνY\0K\0B/xtC~5ϕO\\5?M\0AeUF-\017m_8F?vQVڮ$\0j$yLSjΨz[cZݎ^c\0[\0xkڮ\'/Q9Tf}3\roO ᙴ\0AU\0Hd5\'WL4c,_\\\0\\Y/=Cψ:oRen<i44vdee˻}kRu}&%DUp0WL\0⨬Lfcϩkw\0Kv^u&\'\0ACQ`\0f?ܭ[Կ}\07_ꥆ/n_dp\0siLK\0-~Z\Z\'Ɯq\0ЖWBPCE?5\0a]\0\\\0\0翕h\0\\d\0F\0]ZN:·GYcRUa\0\Z؆h\0]]\rks\0-ymɴߴ\0j\0h\'Lo?S׼Ayz73c_LMi\0אָm}\0U,VcM\0~\0#}\0M\ZĿԄL{UToߪOVE\0?\0o*tMJoc\0=f-JoyLPZCOZo_ٿz[ZO\0\0W{O1a^]o\0\0xZu>e=$MS<Z\0u(\'\ZټI\0?f\0{\0K^3!mئ<oe\0ٖ?)\0x>4	7nޥ\0ǌllJyiw\0?Т\0ǶI\0\0⩗ewm\0|_s!߾댶o4۝*i\'7A\0\0k=&Z^o.W߁CҶm?կ\0jOgs\0,bMDk/V,I\0,~}\0-b9L߲Ms\n\0ϛUo&o6	@ۆ	^\0{U4j/\'Mm>k>|>$\'e~UKM?ʿ*]ͺE1\05/ 6Sy˻*-Yϓ:rs}gǟ\rVS\Z}2ymr\0\rs>\'}ĒKU	ėv\0w_sx~y0M\0jW?ҡ47G\nLtog[MF%74@JSX#sVm\0S\0~\07l=I?ͧ\0Oq\rgo^#S../Ǒ?5{1ix\0SA\0\r>\0^65=f*_OWޯ]\0kse\0YgzR.`Կ꼥\0wWa\0	Λ?yE_9b\'3`0|y[#G\0mh\0I\0ӎk\0|5ceϓ\rlN1|\0R֢\0ɭ.y/!9E2_Bq$\02ӭD)ҟTtV@IQQZ?^3?oG>俹\0ukڸ?|2Ğ#S+/{yW\'-\n51\'Z0l\0_5S\rs\"\0k_G{h&쮵Y\0\"=)+\07O\0l\0rgxs9#[eK˹WmOA7K\0ױZ%מ/\0u/KL\0k>#MmA\0MnS\0fopX_	?M7\0?jiW0M߿\0R\0UJɛZ\0ɿ/R\0D9ϖgwyyO/\0[CUu/7COR\0OZM+Rn7z9yq0ƮXjP\0\\[T{z\05e?|uu7i/.6ym_^Mg3Mov\ZU.w7f/ח՝?<_+J#g|)\0|=]XYsOKo:OG2m~5{GěoK\0_*OCi^k̈́φ\0jxD𷄼)N?M|\0Wb*C?AB9w\0LϞ*^~\0,<^W=5CxueJT|gޮo^|ZiB|沁OA:ϟmy׈~&s\'\0sY3E<Ğo/oo7W\\/sqXޣs^\0ޫ\0J\0M|_Hu\0N \0ǥƿgS\0_?|OS$(7ihw?bޕ5>Lvg_W~ʿ<?a//>o<GĚgWjrr\Z?U>I?ѪOk\0\0o\0=_R}x:l?/_I\\y?3\0,\"W\0xJ:|VW\Za3|IOe\0-K_h&g_\'\0W4o/s_Mn{a{uer^mKx$?_\0Q/\0kVkKR\0t?\nkI4&\0~_ʿFgD[XoDO\'5niٿo	dlU6Kߪw:7?물kꆱO\0kJ|3é[y՟4?>&D_us_]C.ϑU͵w\\LXU\rJX\0\0򫖬y3jy\'	g~xMZ=*ݪokm2RTUOOosiZܽ_;/\ZY\0FhA<b2|rП$ЩgyÞs=⟏\0WxnuonjUyolW\0]?5r.xߋ/u\0^y_#\0eVG\0F>_.yg~>H|h?c\0LK\0kac^6\0,|7-}e5U,o\'<axͤ롖_J\\c\0N)y*㦞7Q_h4=+H\'q(MUZK\'\0,7=\\+L=IȑsZ:W O\0S|\\ޱ^?i\0Xt&OrʔsRt:u*O2(@3}McyKoCuOkUoxnY\0\\W_WM5ʹC7|%d\0$\0WiMKGؼ&6<竗b9=ɟ\07W?\'/I<}4>oۭ{k߼\r	*Ǐ3\0X΄\'\nV<\'Fg\0iiMu\0]5/?>bޮ{υ?K+Z\0rDo\ZĳOw\0M~~J+BEzS9d0_|_Uc\0f\0]W!O۟K\0\0fV?i\0]\0lrٷ?Zro\0\nY\rx\0fMs\0]G5\0\0ex?F\0oc\0-\0_Y̯@/U\0BZ`E,\"kIn2\0>/gM/W\0*c?Z[/f7fW~y!\05\rٛ^OےYr^;-/,n?uG\0J(w8n\0cx_fx?ΕrQ\roe^&TbyEέg6z/\0A֕?Jɭtۛo\0m|x/G\0S\0\0٫zX\0性Jk-OiA\0Nr\0p\Z-ɼ\0WjZoɮ\0?:Q6KoE\0M\0ԥO\0Ni|E}i\0BmZ+\0\0Ƀ?'),(14,'Lucia y Juaquin','Galan','Pimpinela','1961-05-23','Argentina','Baladas',60000,'\0JFIF\0\0`\0`\0\0\0C\0\n\n\n\r\r\0C		\r\r\0\0\0\"\0\0\0\0\0\0\0\0\0\0\0\0	\n\0\0\0\0}\0!1AQa\"q2#BR$3br	\n\Z%&\'()*456789:CDEFGHIJSTUVWXYZcdefghijstuvwxyz\0\0\0\0\0\0\0\0	\n\0\0\0w\0!1AQaq\"2B	#3Rbr\n$4%\Z&\'()*56789:CDEFGHIJSTUVWXYZcdefghijstuvwxyz\0\0\0?\0_>S:;IWuQ#|(_qFoS3wnsy\0IIWVn$<c\Za{K++O0l$5NfFyԥ]*Χ6Z_s߇%UxM*(RHO۸#8\nNyo7@\'ήqbj?9Q4ZKCjI7VR߻rP {iټ6&G</x`dy3C	ӧMI5b)\'QŧmO#Qǅ.e\"ux.|73&n2z㖋g\0~04wҴ^J\\,BBUx$_Rf?)\rβqvG>8g/(\'ˤRCr}:Wƕ\'EE7/ksJ8rNmi7ԍ :ByO^g7fkzȂ*(.\0sH&-K<r\\\r3\'zRF\0G#Lh0^). ݑIVZOyn/+$[g\07 ܃yfӮ4Ehݐd ϡPjTΊen\0ǃA\'sVzlνm̋Z闙}WeY񌝌1d`<2n\rG%@ x}AX}\r~ls8{tzc0ퟘ(T1w%I(CTTJ^RǇĺc\"<188޾-7o.<EߏGliۣY6p8S\0)\Z\"X<(𥞳e=\nmF.Nv7*	U$\nֳ}F!F[J6Hv77P9rySs:TVվvKv}qa(`ic*9\'F	[~$&얇W+\r#ǟ/</)/|9,Ar$&&_mhʖPvH1n>jl{	Yb |y]1O}0x㹿Rw\\NJD䍤,d@ >⻫~5ݤ:]ar%`в3ɔPrKݙ1%C&p*CYU3=RoM#W#]WK]?PKIr;=*ջG\ng\0(\0qtU\\j+lmEմi\rG\"4/#\0K\0ARܐqX\0\rh[ɉrWpe;TI)SQի	`UEBMt~g9)Ulx㿧\0Zd%jRn$EN	u$xUyT2z:{<Yisp\09>~Ǌ	bYvnl~46!(Kz\ZȕrS$\0G9!>ÅTݕ!\'1~g\\Y\\6̆fcxHR,BR1G*3}OJ/7Þ\"^ 9ۗ`e@\'c8)9.nK?[ikN!ohI. m{cW\07=ShTw;(Rr?U,{)J#珕0W~hYz%I1ww\0(I]),C _&=G8oʷtOk֋y[z	/nuS8M*uFuJhH Am,-\0>_߃?iC۵ΡH$7vv\npVĵRj%՝.YN~}QX)FdL?6{0NqE8+9Է@Ѩ_,lIc=,.<67d=A4MSe&^Y#qQƭ$B>PH\0<ï\0*Y2\0\0u^{pДg <#V\'`<Q>m<8=޷w>tşD73Y?\r$`6A{A6?kۋK>ʆk%ިP|u:^3?j-Uj8\0ϩ;׷2iHp^z)89<sVaƕ>ߟ/m<\r.azGrT=,rz׆w~5֯N;ˆZ#,\0$9ϹQ2[Ux\'3I6gI<sJ- Sb$I֩UZnJ\n.2pX|A}/L\n682En\\,!+rrs[5qQ8?9QnW5,jL6P1?NxזH<v\\\0UI\"nQ_~0P\0#Z+ƶ1xN$^B!@	,89%Kc<I=ԬLIR=v{?MK{>t>a̨YF@ q\\կdY@0q`ùn~=>\nxGGP:1pcS痨:.rG횚cFۖ+fXa(\'e3~*o	Jf\rՙtHWo5ɖ@CZXm<A9\r#r]O\\I|7\0\0g7d{in4[T\rn 6]Uku9k^{Kɚxdr\\f=p@n上󂓒-՞^h^PМU\\UY7e*o_uZtcn\'G	Ic\0\0O>s3qsqgdoZ[4x1/l]ۛ\nT1j\Z-t6$-N\03I)ݑg5h\r-#A\0jy^)ֵCu-34d*2Bק⪺qz6ڽ+۵.OO\rĪj)&ɻ6jһ~*{\r>\ZG[xStap-ifXpd.[xPmJ) -O.;R&NG`aFŲh {>l]Fh(\nZH#q+<WK?t[/\r\\xM7Y\Zu]߶qc?ӥcy]\'\'ʶVZ-,][>ڵG9sJRkKWon\0	xkğe;YmmER9aW gf®061\n~\ZO>Ֆ>)5+UWhI6P7b_:xFҴyn粷Iݛ6`+n:GW&¯ڧ=vC{aMyqkv^	#2l\0Gʑ֥*ԴWVN%l無R4[\0]A>BCKpR.USh\'?$\r3|o7u_u5o04h\Z\n\n	8#`m4}U1? <@24;\0MN `f>3⿉Z<V;V&;4mX]_rx5%V1qoE{uzY:N2[Y~=ս|co5jO%ߊZ!ͥ8dI`*3iMǉ|E	yJ{kE\n0ĲP2n?u˖7ᯎg\ZVH]\"YݱY #(W>1?iVPsŠu䨔@G	M\r_SZʹ]eeo7?{X-mos?f	\'m{RxŚd.,fcȌ4(V&\'< Fv=wNfM_Cs%4(\0B؇q^`=Cl4[NRf2xP7^Qv9Eh`u$w>Ew;ة@HT17R5w;EKŤlkM3[W/Ũ[\0;\\nPLK\rm=J⷏PL4Ub50Imvp9 d\r	6\"<2~[fU#p1V/~7hמ3_v![[Ϳu\\Ig5R\\)4n[+ssb\0š|?mwI)$ծT=ĖjvI\rV>Zi7\Z]^OpCh&Iڷ8\'x\'w⎃xNEďߋIX%Bܲ,fi8#,\Z1|O!]xx\"h[U\0~ETTU!7%i=~\0zXΤӄ㻺WZ]||%҆ȌcB;˷ZǞee;J7NfX-5_8b ]^2F;>udpXn;8q=N>gtBFb*|gq׷NkROin\Zt&Gtv?]ÏJt\'c3$$\0O< coqbcmjs9?!FI4f\\M-RG0hnR\0)}W;ww\r9,7EU䝼~F/qP)A$Wezy6B9 vzPWKSNТY\\9\\~u̲(\n9k|K`nC*X\'v	_<AGR`S 82?vcUpwכO;R*c=/O@K/:0Kq,B-A12O<Ztc{q$	?V.	jđ뎜㿩5쪑B6w9ԴJ>n\0py[Ž7z<z{tE΋rGuq^cps!9epp#朰DlT!<דWR*Zeս|W{x׾*&\\0v@I¨b>!h|0ՙ\r7#J|֌\\F%O\\6N-_ݢCl<l>}wT}Z̐WU-9y^FrMLU!GI{o\0&qv$[F;Ka\0CĘĺJVf,͒x:_zKGR\'&Vq<a97*CYI g۵^;WQKOO?ש,,-(\0:tȶ1YF ޫN[)Udu;=1O<\n3>b\0\0<QGS}>b:t+=Sst\0t־ֵ]*ٷ,,IǠ,܌g/\0:_;mFCG\",w2cA؀Q.~(Y%1ʢgIT?xk\0Oo\r޿?iWN׆	hO7\"d!nl8$\0\0k>{tyRS#`_Ӛ8VKeϞ{gۯ^<_fAv\"\003E:S엕\0QUʴ+m\0foKhyy5儜H)޹8B0x!#V)|pmB `wH:3@Bo\'>$~|U=Eq$-7e$n@=G~^&ִz[w~?us\0J^{w!8!H#=ꦥ$LkR4joT?w<u9asrVbrqc\n=e]aǶxt*7V\"^\"|vugt,ڕ2v7	sG<T_o}*blV0m\'a\">TaAlzt>gzO7\'6*A#8=?^*mY9~nܥ.U!cxlO+F(R\0_pNk~T`8ȗ0:٘Qd }p{S%Ik9(4\"*Use)贑zs\\dTL|X\0scݹIi~_*\08\0>^szƒNJ+bY?FHʾ=N+;Przٓ_0I[a9~tNtnkx0\Z?63G׏^uii,ܪX!OOk GQi`Ԯ%Cg\0`sgz	t>թ*]Kond[6J\0{ב:G=2+F+	0Pg9=V|9EͰEgDp9]ךY!E 0Bz<ф(ES~\\>S9y<i/4$GlU\\ws{Vέ\\w<8>VdjĀ3;m\088\'t^cm=dZ$1ݜzg8x>AhVRkufWӺr PNsz9g؊5en?<?C^V*aZ>W-nx^	R3x=H\'U(.@=	}?Aie͏,,sg#>ξwl{X%\ny=+#>ϸXJNYp3=:淼)n\\@ē͆4)0-1ӹWI˚>pi$`wI]M\'iR]K)MHc/}ӓDYH_h%Kt5i4YIr_oaЂs|c8;bcF2xP٪\"g\\)!9sʚ$1*|oX7d}iHX|GS:gzu@ZDWirT`ܪr0Oܵ2#8IUn	Oo$|s&arUǱ<Ӛ(4KcD.w X-KDX0<QUo6zvy-	Bm*G<A#$:tgU<4-2y$<o>?ebk=\"Fs)\0\0Htq5BI>i~#iԯXcE\riy4\'Mq}3m67̤?9M<bQ]Xb%$/\'rsR8Vz̲5%lUNN\0	kSAMV5ȉ[;RcϠd~8jCXdkf݌n=7ͷVXM/1N_WlrGcL-\"	!(BWVR\0f.H2n*eݒ,6`*G%4zT\Zw:\0\"\0Y@hu\0!\r[EwS.+\n,Yvev\\TqWvkS9P>A3,eT<ddpy,G+quU3~ΚMōђ+{;L#$E.yszN%#xa(\0HG^PAz{)G[hrBmp&9r:}z֧kxa$\"I zy!\'+Bp2:?1>~*ԼQvkg`3ÌM+v>:C\"e##\0<\0iW:,-APʱpWwʸlÃVm<wYChNIݒ9\0Noѣ%vt*࣍<ӷ3(ԒzvP]6ZYC0~9Y.֟Vd퓐A#dx{xkF78m?/sTEjY5Ĺ~I$%ʧOdV4yd,[8A@z_hչIM97Hϵ|+=\"Eӭt%u=dRՂrrp^ZR>zPĜ׾SS_\'\0ԚVn߲\\2ļjHݐܻ푛h`@>9_Z+iv/s?^Ϩ\rSC\Z 9skI]иm#$(T\0`<VBJ̒炇?=⿎\Z>o1)Pb\0~srH=sk|oF];p.88cjp9^\"l\ZeiJE;z%20IG_#ڼ1kdۆN22yvڏ|@^MmoTԎ׭r%khsی`c\' 8:NIcƼ9-^%Pc˔?M\\Ҳ\"\0`;_&(wm}#%̊ʭ|:z׬Տ\nҹ隬߂JyG#ٓ\n1ptg;MY8`{&Úu,4Ġ#z>HC\\x׆\"zoȞgܺq(邎Aj&z5<[\"Wv00`ѻ!U!R<U	g/Ci\Zv\0:ms#5)nH99bx9 fW߄za|5-2BK^lбU.lPw|/k;Mv\Z.lI,\0aiF2JPhQs8_6Ww/[B^L0.w<pr6>\'=vI/4bx򳹲;rNy=sO↥05\\YGm#edU8VI2FI8y6kMI\ZYt9=HӏKB\\5~dVøu}cR9T3$\09_Oo$ҸBArAGGZYĘvJ)a%w5c[Y$S7E\"3HPv8IUK>X<I5.4vOQn͎zg{A.u[iCp-֦y⼱Ƭ-L2.fz;q\\־4SFG`,LsTn\nzwy,#,; {vg{+*+˓iA#\'zַ=$d\Z1|Ӯ==jZ_[jB,enJ;pcߥa:7TW>{V>,Ek=E-ܬelI&G˹#$d$Ig{wttY].$.)4hU\r.%}~rABm9eU7acpFs}SYr%)\"0HRRrG^}Hr/siWzlK4I\"1*Pc??\0\ZC6kAr xDYӵ#-ec)˴\"ҰeS0m,FFm3%leF^KHds#Nc¨%\0aƣٜX(9.¯(/l1B$[\0fgojm)\\u_5[8ݻ\'#>>3G>\ZҮP H-r@*@AW|;]?cvv#vbN0\0c }|kμq1i3kF	a\0~86_:R0r2?;J\0H8ʯ##J,`E&0$8;ě}Ϸ57w*c~67I[Ydѹ]nFI#93cm].,[ڰ4X#0Ӥy1/c`* Gd)RFx;ժ͡k[V}ac#Р*6Aq^}B;F[k[/r\"\nw\'x5Т2;N߯\0Z\0sLݼ d(:Z.u8?G\Z9eX{\Z`Y eGqu\Z\'pkpq`;V5*/% iw:+}z K v#߮;tq8ڔemϘՍ42Q[];$Kq=8펝xǎ\")40*GVlabA\0:]H<?gs\nep\\ӯ|B\nn$s[U֨F5Nz,%$\0i=:=+g\Z=ƹZXWpx8\0ՉF2(Ir^sq־\0\n[WQ\nfT_\'v9#?6WT)9u{z=E<SN{?Hl<mhmjw`YX\'[8rBgt.\"ho:B\n#|HaaԂ	`k~~$-W3M	PЬCyd\0\\qOmͧ[+NϵAe`㪑Nծ+և\0HN*<K{nU<PAB2@Q3\".ռ_woy<N#y.PI=/K>2\r?k	JZY$y>1\'@_7iz*3eX`2s]yu(BDGNӧO$Vmv/\Zc!AjO=qM\ZE0cT=k֤O%,P\'1p3߾|YZBNx:zWJG%f+Z$+FMAA\'Z]{2ܫ۷jgE/2\0`FQ=q[ZP4g{9#yֻ죭yzlVe>3\rH,:չI6/d1L7\ZHp:D-˻>V5\Z~_OkZOP-N%H4v7}[Iݡ^5Զ[%_;a^+Rbَ\\fR2S+oXJ!vw89ОN{fWC2}ۚ3\"c\0G\0z>eҵn-dE&|Ad!;z=)%93&\0}@-\0匷J|faۧ\\csמqA1G	̤~V*-Qg(KF}_]wQ|EK-S\'gpXI&I\r<}-J\r7Oᤊ{]p	zr8?\0Ư`?~sgnnHvv+X` 0S_\rtKB!F\'v28Z\nlͱ\Z~@x/~	}B\0n`ќa|yzH˘Al$9XϥKߕSr1,Kd䎤w5ZpR	2[>F8sN:oS\rI˕^K_2)⪩\'>𮤺\rFAuAwzء\0?/J^9mR+#\0hbdnXt$0=2q+ڴrU#b\n9>*ՔZ%:IH\Z+X晄hm_19OO5iI	s+<\0=\0sX04ki1Q\'@U	qqxj[Hocb%r0G$zFeAJIj\"y̕*0?L\\ū+=?@tJ19Ƿx4?O=\\jzoԗ+z@ߎ_5mvP\\lz:7^z\nEwZ*J˹[Bԯo1tkMv/nVڹ$pqs׮^ijAR_\0=2=~5cq=Cnč\'׼&E Dx^>-J1kSU8Ir,{@]˞y\0\0믝XWԝXٽH\0\0v䎜Z]{0\\ˮhy?Qһ-GҬ%j^(-tAu{P(&$FIp}#+/7?\"3Gk!im	G$c\"}*/Ѽ?i9дl\ZmĈ\'@2n݀BFW̤ׄz{]Jխdi;Rr6V~)xj\r.;Yo潆ZVTȹb:m;@,宊YVKo_O6*~/}]\n-KN{ExHaN#x\0\ZwIuy.-*&?z)###=	<yt/-崸XX@	C#;*7\0I 2~(GZ$ĕ~b8r\0I>JjJђk:0z8wR_]_]I9gM4.A?3ds϶Ga=xT,5h!|H+e~\'|mMCO{Xby-pOP	8^e#NN8lt+Qs:57OXikn.?#OcQ3<}:9dO1NP@01Ԋ<Zt[գ>lY`\\dއ\'[$C>\nԚțȞa]λ`A\n{t-T<{ydIrUp;qlP:;B]d9#Ֆڍ9bxq\0[ҽKHO/59<zo^\\D([(bnyFf\Z{VIcWb\'=N+y$Lo${9=GK]e,/y=GN,N$C0l\']MS\"ңhkZȸ\\ُ\'$w{ʆ)%GAa\'%GR$i9N쑞O#=7ou{Or`+t\0ޥ+Eh$/y`Mzg3@XIy70	a@Pq>ONk2b`ٌ9w3H9=jh/͌%PP\rÞO\\gr5ͱP|]N%(͗iA.\0\'O־׭k~\"#e{yeA(ݍNyDgMV]xI{N+е;$}*I49)qm{+oUGKer#x^	CtvN}+\Z-s[BZo8<uܧd08~7Nn\0gmD${|xR3CvߴG#=ǥ]1y$79۷>#\ZU	uvoeᰑ*{y/~-J]\\9|bT;2}&Ib1oFtǧ|DC|O{NLvݯz9děAUQ*b6\'o^rrJá;rZ҂byf\0~!ZM9[[xD2H`3#H׼T$\'1̒;-?xдپ\'xOkuIL<r?H:=1_9[6b\0O|c狧Ӎ\ZʳVvC\rKz@U`zg\':/hڕV=G%Aln8}{xSEHc*r2R3\'\'^Aú$JLy\'$H;s\0߷&`51ȨӠөv\\$!Ax_#G|׹φgYe%翥dCgɹTެX^LƦe iaAdfɪxU0srѣ6u3n.፡\\ Lqסm|\\ѭFm|>z4.v{BLpi/-4`r&e\0K[r*~n\\\\;,smibGWpĪ8<u7N5kߤ4^MI*wk2.O0)Fv(<dtnk޿em*?+AsZc5/w\0&XfSF	vZ\\ӓ$R0Np@{?zğ=go4\\A Ur	6J#w?MCLX. |r!q8\0lo\rv Ѯ`x\"nkibA8`y^{^\06*)c,>xmvu,pBiϊ/Ļy#;Ex?~hX.MHtlWW^iVt+Vg8q_˩ϊ\Zuy-;w1+l]P9Kأ\\2<qӿl_\\Yʘc@[8dgw댚ùX*3q\\15B$l^ިi\'!y`<&([.0F\0?J*ᥦ5´0<>:]KkH˖:~>-yz_\Z-NϒNG\'3`cʥkQvkGYsS6?.,]J6pSv_DIE鰽y#\'>^N7d}LUO|3kH\n.uĹBƎ%9,=1Z>;jQ#&\0l\rT#O8~>fhGޗw\0|F/a6_!̾c׿|W+	n;\08x]gw#.1ull[w8Q	=ONoYj+f晲۱qϩ>G\ZtM;燝JVGjVUvBJG_z^3[HB~R2FJS]YtYLkA18=+u޳J\"Lq߿vSMc˭NNX!\0ckd8=:܏jmo!I9ewYl>ծJ\"\"X$v@nrG*H`-\Z$U̪2NpGQ۷~+1N(9)=Z|	؜*۰:}8^3Xbh..lfZQ1HIXK\rpHf\\Z%b$ߎE{\0-C{W8ȒF\nU|r\nLaxdއσZ¿i:5Rg25ݰ7lN²?h/My\Z@8F7Q٨#(@:oySĲ0+8oma*X05SONTjo}q**F:n?7|I,v.q;/3pv9n@|]h`		*FQH:ӿY\0iٞwIeX4סޣBxkok;1,܃\nr\0<gV7qKߏL0oݖ_kx[vp$,)}ss_ex3XO薫;(̡G 2yWȳpĔ@s\\q^Ƴ}GeBb2;1 )=\'rLV&\nQxQ$xI\rY[{q$JTe[8TNy.|9aqe}\'UC2e\0<Vߏ\Zx^:\"$m8eA#+eP%A2{VXZzXhRuPҭdɑ-F/ s>1K$sl2o,[<>$\0!bb\"\0\0=ө\'5ʚMwR`ȿ2BAchZp(j|=Z3ռG2\Z?tȚ$KYY򀬤峖aʙ$,YTe~V`\09stFkMN{Kfȷj#vls<\ZlVtV`?.vǞ9raCRzEb`4p6s܂O߱RCo,RPxΙDX$-Hے9|I+2Ke<%A$`?d׵}CPaTK}:(0H{pܘIc.S?tj\rep\Z1B\0~x_nO˝IAz|^1/x^eTL%\"Xf,w\r |qvk	es^.\Z>֣QݭYCpViEy(>=N{\Zt3̒\0{MP	#HW!\ntXzUƳKʐv|;u_E8%(=]\0[ΗȞ[uӡPK0ځ2J^x>^K]s1=۟n0gN\Zڙ+ч#\0^Q&j֍N8KiV>\0 c,2	\rFS<tH{Zpэ}hdgy;;q>y\0>YjSdod0\nʫ:o|Qml8mp۪8bHe}8#\ZƷeI{/\0⹱XJLWUbꧡqx&+cՁ$ oLg<Jy/^8C\\3Uz)9g{tkޝ-̣en:8|	5_^-]$<\0$lO\nA,I\0^\\vHf!BՐRЯѧX7[2[)9~̺y1:H,Fx5Oz\Z>=к.	RG6*Gc,x/j\ZΟexuwgs&zp1}VSz$.%X$o%̍p7\"}#8$t<gֳn2avTa{ߚ<O;IY/#$%V=Jypc57Rǀzd]%\Z,I\ZZI\rM$ŅW\0#=3]FOlI(lH3##ҫxWB}N8LbQӸ8zgSK[0V188\0Uj8ISKN))S^p/Hzvow5(Xeddg?j_< qk7Đ>%\r	va؜2D>m{ϕ6$د\0ioCc{%Hџ%ns$d$:#k[F\\e#Ѓ^wEzGz{[K5͜W_Cu)A7f*M|Gߊ\0獾i^[o\"![LAN7v;Azm|^,:@۵A\\)qSx+/s=>+Wup-[\"]M!\\ݲ-Ā\rۿ *Ɲk).\0W<\01lWWe$wUPH\'9VpͽR>O,N\"5גXE#r2&RN	ckӍxvSY!\\QRNXc?:w09[4?NL6kWTT9Fp	xk>z6Zc\\J~`rI;x&m}^I3H̃O88v8>|):խݔ\n.aAwcAۼ(zScomu;3{	ehʱ5\0/.L#.\"b\n͏5C6@Rd=%]I۠DWQ&*qzWɬEJ?=ռ9pWQo&%r1$e=*?\re`&Y]Xdg\0/kK3l<rmϘ1߯^=q<۟EuV.7{T~S<|<qMҚiqj0zUD \rs2\0#.,Y\nq<w=:wݲ~\\{@PۈQĞhi:g^XlC#ł0@\n NsUJVG8{C&-B\"\\ǵ`GN+6u;20\\OIy5gHýY#S}+O*L4a8b8cn5c˫ƺu\0_qk=?^[{*ml w`LtV`׺Kҍ!a\rˆ]+-t|jǅ\nǜJr?\n>W9իfϬE\'+ꏕ<4/BϦXݐ%K;(8A9COJ~`2ȫhpH\\ն뉤\"L9\0&4غ*``xU[:Sj\nC{	]d-)?z׀<gjFmrgBCm\'#zĻ.+;$d\0N{~ߙ̭Kl\'-js#(HEC_\\|-C<reNݽT>^I(qy?WR2Os}k#zXː򑜌qXMi^woSJte%~	ckks%\rWyl\0tW֏;Mm(xD xIs^T{NXV` ۞ZvYB!D1\\0rrp}GlWeƔb|j9v1m֞`5ǆd7p}Etֵu픘8GYe(,y<V]|!07qJ\']f}Uգkr7\\D|\08\\zWuY<1w\\?@B LR8FS;qRH!zrT+|9液Z=RZ*Cdsc\0~{U!6xk>#l`7:*=D2)\0UeFs{[oZ& \"IRp=@O)#ZA¶w$_ʨZA\0,:Fԥ\0}w/\\{~[\0~|qe2$\\U0rW}{p9A1	1+|9fa9gMȠ\n\0{֝oEs#$\"oYvp+pJ8M#m9\'\0sRBde=k<;=Z9OݶĳC˷s9Oo/u+D$\0\nn9x3<VPN匮i*U џ\"yp#9 \0`\0ddӴMAs鵆?%6>\\%88<>⽇^%Ҵۄse4by0yV#c徥թ\nPrS~iUX|qzWI\",\02zsϿ[W\nç`$=jk*hn,/P\0Bd\nCcFlqƛ2\ng[LKެrɑl(ǧLq(6\'ny\0\Zymt\\\\n,2\0 9䖋CĬ|徥%ŜO+;$VdN8CT\\edTi7^4mfP#+ROrA^\0?A[hQˢs\n	OCzFܓcjld[#F.V# <w4Ck_ 9\0۰IΣ{,a\Z)rI?³=+a<&Dw81};#j><Cow($e4s	NDO$[xg]p	cױcme$^\r\"cd9ܕގd[eq~y)aqK>Ž֟q-#!VUs.T=Y\ZT=\nOc_qծx608\nI<z_j~2P?pO\"ZX2\'#%w\0_!-7ZvG\0B$Fӟϭ{Ght뇁\ng=F{*4+o^c`ȯO\rRo9=\nTQ)4{{*2?USI2mr/<NִD\ZMXd]PG+>+]ǷA߿|jXZjuM.H<gwqwvH`|/La\\6w>l\\o	X<n8e+H\'\Z^>:4E\'ߑ8㧭yzwAwJdNH8ʌ~yШBRx;c+55{wP\rc*\n3I$v9=WVphsiqK\"NL3\0gO-T2FR!s8տ3m6hgpH^Wס8[z~|$h6)Lv_֠vܐ5)aCǌԺ3q!ԭٖhR:O_	~۞x+ju]&;p$kft&52C.!9 `C\04ig3!rX\0#=W\nG|=fjtuaڻgƗ|;Kppm<	9\0nyq?R]\rsTQ-E9 Չ[22~.}0jv>Rǉ]ϵf_]][7D?9cvT*=?JXoN\nZ|0&-[ܘݦ@Cq$Z>5ZGxT8#8>MWSPL\0̓](=hXG#Z捡%ߙ3\0	OMRPC&܎Dc 8\'\"?ݼ9}t%Km1r;$_D5jZ&yOr?jM0ǩ<`wwx;UUS7oэp\0tf	\"\0yFdBos=?^.|\'^7u^YZ*d>Vg=MyبjoFWgMH:1#+K+P<Ș6@9ǧ-?IGT*aX|iĶ[_ɪ-N!X*n;p3ǚFϹnt񽶲ޥo,++b1pNT.zqǽeE_%m<=H<׹=1B\"2[*_jr6[PH?>#^x\0~l\ny13b-wpT\'F{Vqgɥ%YLH~t+rl6zEQcm2#u\nIӮz5jWc, #1	뜒GLk&8- cRķ;۠ d}O~=Pis̭7M;lw\nV<_K)w\nv?PONE-m[k){{ѶVE#!_O۫u!HRd\\sҾ&\Z߅/4MJ# r=JYOC+rTd-Q-q[KyAcu^,uoD{d/c~hw1qz9X |Z-bkmJ6,nfr=}kpRU\0O_FwB}>h𛟏2<B18=AF>7WS|\ZrUZU_^V\r@80O_ϝ;ud38%n\\CHYG<;݆\0ĭ89P UF;xWU{嘂O}?ֽXԆa$+1W9sqeFyirr|>>V\ZrUԶ]Xҏ)_	e[k8\0hu>\"o\'ڀqʂA8௧j##3.\na\'{fCkn]1#\'RJ+ngԻk\\ x\'#T@+еH;GodHe_06oN#5i:CJKhZe=B<~\\M͈)30wHJϩBn\\^ѧ\'Nq5u03F+_yd}:1\rׯu+0ts$AWJo{*IGfXsAU>e,nˇR97+lJY̮VX23\0bLuG|:ڵ߅KCs*Hw<\r-H\n\0z֏\rSJ׸>$i	Oe&o\\fAʓ\0c8^\0Z\Zj<ґ,RFzNޠy㊲7z*Ғ6.k<߲aS\0^J>#ZN<ږK? ϩ\nGNAO:{e_>0G_@=;֖K]NO{U\\v*o/B|uķY@U[k\ra6\'T}kKڝ-Hѕgx}^4[ofC5sSS򹄓Sq~\'bמXnmP\0}?:H\'s=?!p\0+\r\Zz/o$h{\n\062~^F95KuI\'KZaw4e,Td9	ᩇ^~XSĊ͢ާ+>>N	ϻc[hHj\Zzy3Jk\0dOcO;⇍Fu\n]Bcdr~^Ay#>*ּG:rmEq*;0݆#<3go骏sNcc_G-SIh琰)A\0 ʟ803>. 6VF\n]>8fHlu\0(1Yq!y9?\Z0j\0ș_[#v$$,	cm<\0ݜ\'LT0\Z42AW/Q3rr85k#F+Xsg:˥\\j\"D-ԫ,MT=+pJ6̫9I{Wx\'YFH-su`?w=^6jqxK4Oc@P ʲ\0G |+KeiLHcK#i1\0n3/o#DJ8W9\np\n};wNӚ\0\0pإNp[JޏF~qţ#*;kuT 9zz\"Դk)cmd+RnxjS\r3.Whp09Ϸ_sZV}њRV}EHdS;czkʼkX`M9?AxR%+vv܄;|\\ҭ;ssƽj\nG<d1>Y+.{P R=y=}+۵?\"9\"zu?QxB4ơ\' w־ֆ&({Wԫ?|%I-f<cG=뒏NHJ\09ߟOʾּ%:\"\0Oϸ\0IBRdPN~>J<VQ[/7LAg*v|a\0j|A4)	C6x=OӚŞ4KcFFg]NgU`YFRO?TfTr(d\0\\E u\'׏ƳN	>Acab1?5Z<S̈́\\DH+\0{իHeIn_J#\"ANh]Bu?(rth5\n97٢ry5\n-vq%Aasх{qry`tzWL64vZG.cߝɷɏzʷ(A8v0R˫YY8#;sO,v{>ֺ^]4fNGküX/xgA9!o;\"K(Z>FFCgÚ>ZWΊN\n[[K~g<Pqd8h~7^){kxYK#_}\0)׾*ǮiZ60HW%ğZ0hҝ6݈mLA߽v~QXei:OOy*x/rמ&5-UVwk\\3#@B(\0y\\\0?x?o-)qy*Lw1ɆV6i\'5It\'./Z\r\\3dR;״yiey[(ʳmrr@?*#,sf	\0}vWKO5K-&kq4s:pYZ|[[Zfw?r,@ERsɤwNZ7%݂sd\0~ u:PC&91?+B9nڤryS^NzkDYл)S1N\0~w%+2E46BG?ZM$PFYU.u?֮\\IRV6a{q*4Y1.r@<zz\",,_3&nXdqYѺ<\'2{%[e+T8ڢh|ȯ.\"BH `ds=~~ʟmu藲lnW,91\Z~%*\0~O|\0Ɨ[ZY\'eH̻Ic<\0?Oj4\'!o3\\2z~C:ZrDxe7ћP_z<g\'vZ5v߯]ZaĐZu$Xo\0>PIVcye^}H#W;&QYlO&\"gnA+?MrBm;}GzP4ni-O\rr\\r{rN~s^m[*̌8?ϯ^/Nn9p6\0*\07{	/\"o-5B5>Luˡ#gVQˉpmnρo{HU^XrwUOZ43?;r7 c\\KY F# ӁcrR,ir9<u$+(I#bvFp3{.\\G6X6;SF끦Ռ4..-@&+;\'h<NX2+!CX*34j1R;w&	\\,;lұN#6|ed4ձtANv+F5٪yX\0ju7qEN}x}7ԏ֓\ZfY\\DQ[OAL^W-*@Ǖ##v{Ҽ;U\0o̐<6_Rxz1:oT{_R,;ؒvY[Gqڼ/i(V|ZQR(rZx[եYYMv%4f _j7FguRLΊ3X~_\'+6x<\' Ӟ5|#xubI|a3duJ\\~GN==K4 :,]Cm-FY	rw*3HxW/N[$vڋDw26\nXbgͧGo̳fy|\\~A>~)<& }VN6(֎ʇc3l9b~Ͽd7F/R$Hq1\n1\nTg⾗1_|?<Լcea,(>}s鉖 mMͿs8fP\nwxGF-^2I*\"Fg\"\Z?|}OjgHV\"C$ί+Z7r	/#w\ZQ˱N\\5jY3e/##]9cYSJ`<eP;FyqW|cP&}\\h~\"qG]02$hp.Y\'|v4̾I\'hwFN\\j3Wqq޷̫$bmmG<zϮjy.$\r 1ӏ_Ү\'\'1KFqcTub0qa;6=8Q>hũ\"C #y#H*\0\rDD.\"Ž$F㌡֘ҚY%ۼ$A~p*yՋ\0I\'#IdՋ:nw{EGVɑGӯ־~4X;K+OXGȳMLv@fr0F>K7Y1#m\'rKFGZ|~׬M7p1nd.~ent<gq^>iaAlUuo~Znm/Gs\nF:䢃u&k-bPrn+߀_E=-t+ĿWw#(W1p_!qy8#k{Ԉ_Cowiȴ2g\0;q׮9#)*sѮgRVq%8=s\Z6GS\0,z9xZWq~v;˪8:BC-|G\ZGj,$񡉢mo\0\r+ sP-lZodxr).]ei@PHO~jZgok[E&<#\'1lq\Z[j\ZОԲ)e\0\0	Ckk* Ե}@Q$2oTg^J`(+05]Z&~IZ4iJYjKς#_*aq`v{yc>s1xw>ڶв6Ar@<\\α&$hby283ҿ[沏.'),(15,'Juan Luis','Guerra','Juan Luis Guerra','1957-06-07','Domenicano','Merengue',60000,'\0JFIF\0\0`\0`\0\0http://ns.adobe.com/xap/1.0/\0<?xpacket begin=\"﻿\" id=\"W5M0MpCehiHzreSzNTczkc9d\"?> <x:xmpmeta xmlns:x=\"adobe:ns:meta/\" x:xmptk=\"Adobe XMP Core 5.5-c014 79.151481, 2013/03/13-12:09:15        \"> <rdf:RDF xmlns:rdf=\"http://www.w3.org/1999/02/22-rdf-syntax-ns#\"> <rdf:Description rdf:about=\"\" xmlns:xmpMM=\"http://ns.adobe.com/xap/1.0/mm/\" xmlns:stRef=\"http://ns.adobe.com/xap/1.0/sType/ResourceRef#\" xmlns:xmp=\"http://ns.adobe.com/xap/1.0/\" xmpMM:DocumentID=\"xmp.did:4565776769E811E9BF04A161E8DB012B\" xmpMM:InstanceID=\"xmp.iid:4565776669E811E9BF04A161E8DB012B\" xmp:CreatorTool=\"Adobe Photoshop CC Windows\"> <xmpMM:DerivedFrom stRef:instanceID=\"668E4F006B2C9823F6C1E01F2699F572\" stRef:documentID=\"668E4F006B2C9823F6C1E01F2699F572\"/> </rdf:Description> </rdf:RDF> </x:xmpmeta> <?xpacket end=\"r\"?>\0Exif\0\0II*\0\0\0\0\0\0\0\0\0\0\0\0\0C\0\n\n\n\r\r\0C		\r\r\0\0\0\"\0\0\0\0\0\0\0\0\0\0\0\0	\n\0\0\0\0}\0!1AQa\"q2#BR$3br	\n\Z%&\'()*456789:CDEFGHIJSTUVWXYZcdefghijstuvwxyz\0\0\0\0\0\0\0\0	\n\0\0\0w\0!1AQaq\"2B	#3Rbr\n$4%\Z&\'()*56789:CDEFGHIJSTUVWXYZcdefghijstuvwxyz\0\0\0?\0w\\:_Đ99	DpsUmcV*6- ֶnE8<@0C-2sX2[j\"0Mz>[\ZÄ.Vfmml,7QzW\\tx>e19#[ynzר\\PYxz8>+<f%Ѫ3PԛJ[XV\r=k2{Tmf9_CD,9+u){b{x$g\07nVm\ZyszWn!7;ՉaSv4h-II4LY$U\0\ZiI-3VWb\0{\Zj#Cyh/\0.fF%\\Ǟ#\n%4d{`S;Hn-n/͋ϴg8+iޥ=M#odmo~҄V\r:YnOL|hg\\\Zw_αDnlϐuDGXF\nU\01:3ػ	ˏ\'.fis_D? .\"[ieFK[me	mVSGywJw\"xSAD\'f\'$\ZG4Ѵ>tsBZCQq5I v\09a{S\' aK0%\"\08=kCO!br=)~}OEk?j(׿}_͵*Q֯Z{Y0FCu:cPEb.P?A8KsoO<DlF;pG=~mw0/HxF\rkC:s\\xk@-4@z?45`Psōgep]Ā:U[{#:	J^<0=ͼq\\_52\0\nH8jbIHbxʒĜcҸF#!M3Rm>w*FD\"\\>wt gj4뙭/bIá\0\"<WMʡfEo888sqϽ&:pJz;})\Z|sa4Rހ\"dQS0#z.9;_v|e,	\0kܪn*FA_\0f	VGYasW֥D*<d5כEaS鎵Hs\Z4M槚#\rw:Qob-J95,9˫m;<\\ūp3ne=z\r¦\0sZ|myrTۗ9Hf&[\'a9#5(T3/ʾZOl.!]QCTT\0ٯ\0=>xvE\0ִg-m&O%~@8.o_ߊV4v6 Tt4ygy&D̈H~Sq1iD;!Aw+׼[ܝ&PFQ]6in!@%e+U\'{3,w-⨌Tߔw5˧sxP+OR{{Wk\"ؑsUQsJ12=C3LJrr\0O㔙/}$U\\ן֓Ś5ާӮAD/QwsӽytH\"/U|}sLiH8ɫ:n~	\0>T,޼O6$$uWI3	ٮWg8Kwr->/bRi:{93xCWFK4J}[Hm̾$L$Ec5b١YX_ƺ;+Xʤ6)yLjTw`)l4ʲ+n@n\rxb~I>L@U\nx[K&r9PH`Fr	\0¾4,gln5f}\0*JbvN-^cs\"y`Hm\\ALտsK$\nF cέCj\r\r%PO#X,N$.JRj̛9Ǹo_LRX95.5{3(\0[ؾʛT*bYsyPSq9(^D16\r%`Jm#mmjSJĭp5ZH5LlTʆS?\0S7򢐬}!w+\0	8\0GHpHn9ǭs^]R(fj9杬PYK[hge\nor:/Y6}\Ze` >47DV8o\0^ߊhTIm7!8^IB<FQ$DDpA=x \"OB,ri9GA[D{@+NFHV\'\0,PYsݤc6F8%[s{vk%n&@WHzzj0#Fܗ]3\\nej\\*1#?\Z\'k}n+VWJt ,	@5x9j;КDS\Z%5vh-\"f74|G~¬FPG\nG\\dtωZTQ?S\". G8z\Zy9OeEBkڳZq||5.MFͶ֬Z-KvWW;T2z哃=ѭ?? \ZNa]i$tPDШBsĜ㑁ϋ|ozD&6:uiV1fGR/<kG	H+n@}^TቍguԞ_MݭZE.&Q*Jdr3qoEŴs!vᏁ/G[/i+h֏rTٗF1;rqN#ocϦܱ̒\0]|^--i+v;ibTWq@kxoY4OÕeA%\0\n>]½L<amJ@z}ߒ|@rsps꽰k|U\\ڶN+q*e~,hҿ?gSx\'*E֫k&$111;\\\'JnT_*CS;]RK{!lh2:dwHY=~Kn1kНqwSۨKdW-geˢaJ9J,\ZeNkRoĪ[8*M~iFtR0\0*{I.fi\0TVe3\0(@=bmbz?k:۾Ҩm3o0Y؞9WOwGk!̥12}Q]$@|?zTvdO ;94ʾC\0\0OZ\0><8)UIN̰[ƪ_EVoʻN))196u\0\rNi%4.ꡈ;u9lR.},59ܲF:EHѡ1\0y>ßzh\\)]Kx# a\'erlQJ7ōOV]9VAezqw7_^%eU;ݻ)j+xO@)47RY ve\rFy&}`z>%<1\Z&]M@38\n9=\0kO5` >_Zx,.[;RIKs*$R$u\'F\\ѕ\'kcՏ,E~;WÿvRNށby%\rN\'G|KuMq]J\"ŶJH*rv$wd?\">Aj&JXj&`ÏBSH8WٓBӭxĤMs,!aV2dgJJJ	\0ho\rZ^%-̈́WF2~VpO` ׯH|9uX<H$/m@9|뚼[ᳵ\"&Θn @^x<qPxSѾK%uKXTT/9ٷ2RT;>|[43~U\0s8A k|YHLdU0B#i>\0g1\'vTls6=15J5#\ZSMsu?*udx\\ z7b/	! BE**w%?*AP1kωn=	QkE8\0YCj\nm	HMH#~\0՝sCzdcU>)h$cu\'I+N[yndYr$mGf7ښhV3:\Zc\'՝{OF4c\Z[0.nXb\'ҩX(\0\n*Dre]+7 >\"O/udQgOZ׆\'I]$e `{VY̺$wr{VD6+fc<_dmOUF|겟Qy<]w{{(\"=LgwzUoBju#eԂp=>VOsPO	IX]۲~<4#6e?\0^lBD\ZU1A\0@<&2+Ѽi46NNG\\TVs#\0*Y,uD\rΠg`2WCN|}|1	u.a0^&)!0}UZa=`Fqr?Q|_\r%4!`qlnG#\0h-s5XYL u;JA99[sԆ&qGwSmX2Rwo I嘞\0WӤt\"Csu7O,(;:\02Ek^js\\Ag\\H*\'\'\0l+ԭif1BB9<K\'	#>e\0=d;qФZڍ$esKcƾc׾/x76nI9cXIZ_ 1`zc5|*5k^Dhom1G~\\0H\'}^*9L\0i+pFs\0WHyx\0ŗqr:G;_ƹ_2Mh?ՠwc@lrq5cLզѯ,1QU:Ңp{Րz0{b<m#8?uWv&8{,E^eZ\0{vLmaIfGԠeǗ\0i2\Z2%ꊵyHZ?)2}P|[72+2sH⹽:g.sR}*0(S|C.iXI3!q>=H-[,YGG\\uǯd*l2i-[ؗnx5^Tӕe8KBN3E\nʞ*\0Tlg\"\"L1\0ٔ#޼*+0򣿵6)RʏXXenǥ\0}+	hZk1B/4\ZUλOUnq~\rHbV\0*J{<z7_:Z\\LOc8&Dg7=fX}epI`lA;\rsTê48+48#6n< ٖDGL:ƞGYl-2Մ\\)\';AvȺm\Z5WB\\nSWm?\0,di]GҶ=pcQc)]JmerC\'e|)D2+FapxQw2j~?e_X|9hl8^vϽ|y!ӵ;V(!{YeH\"(c8?)ǥUE[ K{ۍ\"t\02	 \n)%W>8[~MRtę;眞P8Ck]]Ks  ![h9Gŕ!U!%HpUr>*I@3	\'n\'d}csjxOhIl:?tNzOx;Aπng:Z;0<]sS-=W\0紿??J+>qrd#xH#0$X ~\'-Q#goݒ\\O+\'Mʡqf/JҵOjzX.wby<z&uoA9h֣(VGlk+w)OJe\00֤hRE=jUޠ9c`Yk\0z>˘	(j`Oftcx?}~t0Hz3c\0F\\}vxܝZ7_4\re0֧&Y@1RO#Y!$a_b(A><nB6@~_	xTѵ$f9h_\rdz{$tI\0>\rN>Y6q4Iug6ӻ8=?;Oۙ$1-ԲĖ;\"y/S^Sź\0x\ZdkmWF=6W6%ڔ\r+Տ?\n]xVJ<w$dfcr;^mlK-giy(\0q^ޗY\n@k(߈~bQգb2A&x\0zT?xyv\0c\ZlXL%/~rᱳK8`BxTrI=mx߉<\rqag]k%W02zm9 `sur0\0*-n㌎V/I6~5K%PP15Ꭱ&∠-´lTzHˏgӰQNheY<PNiA\0<n\0٢/	)Xdc][X**gG#־\0!g//WbT\0D2N$WڔySjkz*j?35K֮J=xb*HOס7Zq[<ǻ4p[UYV(١$>HۜN߯4,AՈ#\0<c?*|3WƚͦYKj\0\0NO\0\0	$\09\"[ƠrT\ZI_\nIx,,\"C-PHJ ,@ :࡞N\Z7!<U~xB\ZK4LuC*$H8>%o%Ѯ4n\"IT\n?#pN0k=-߆:\0m6ÞUP%2kfǢw7?o³\rV\\5]V][-IPf\n8q+FI`|e/FOU{G,d.m\nIKm}k`0G*Ik(gi	;ÿE3NlUm%RYYn0aB7AjnOkwƷWImq6vؑJ1+WX~!x#rDĺzf(U1.x8\0du]f?k\ZΧw^Vti D@-,<<_]5l|;ZF2IHr9j[/\0,<ehv܂q>FyWW7,2<6`?ξkC犍v\ZGѥյ)dT(\0?Ʋm8xדWgv<Y>2QQZyO\'$fIpSorve~&|G=}fV8@qvcF^\0l?u=O:\\۟7]ܵܗl2ȯCs\Z_֭{F\'ʀsFN\0d	ˈg$;@E<sW\\s]cހ+2.j~Ҭܿ\'-ک̌Ҁz,7բ{QJrk~1]CeS7Z<rk>hˡ|8ӢUwY\\s\r{W=fϢ\nIHndy[3MU;zu<$gdi2˰=YeYW2=Zl\'mE1<G ^/u\0[vE} FL*\'?gW[@@s\0BMq+tѣ흯cCZ.o/̳\\O!y%brY&Eu0Xr+ljyi\0B\rtoOjc\0ErhGNˬO\nxzjZL)X.o*9gU\0:WHOu37zkZH5[H0#\'\ni`V4xO0:Cl߼\'5/|G^M7Ě75Bmr\Z\r{lyNln,>=>\"ᗇ.[tK[exlsNx8ww쁤?hb-c,}?w^6sxVVueUrǎH\'s\rhGsT\'E3JVB_3,G?{8n=:Ou}-Y]<bGj6Fr톦isLmANC8\0@DxO|f5̀tmH	LD4EsXr+zuː	9Ene8\n5\rサ\n?푌WbkYn]H=O,\0E1ª7x0HZq&-֭Hd~w&GLgZOҊ.NV׀X\059<ᆛpGv~믆\'N|)o_)\rf}<\n)NXҫuoHӼ3\\N>[w $!c*8.>@IE1/5HiʤPg?`kσww\'WMV4Ѭ\'o\n\'5۵S{{yX+Y˕(/gWs\\BZ0]׈{DW|zTz;j(5\0[Shq5ےvݴ*bI9$S\\ݐ%y_ڥ:mi#6*7~5kxB\0M;-$gC+;x/ÿBH\0#t{͉LNW=&8xO7/a&pD0T?	*@ PRoq)ƞ\"MQ3nI _:s=oQnKBYk>9Wo5]1jڅx%~zNNkإUsn^79F|\nj$AuhTR@$dޮhWY\0䑣SdvV\ZaY	̃sMe8dvh/ޢE-	?A%G4^_BԬzX1}+k*sWbءx9W%gs9`O\'ޡrUTǩr1H\n:A\Zǿ\'Q1Lx\'Q4»s\r31,M\0v\rd#r*L\n5ok%<#kd<`\0O>gsI hnT$\\\0t\n\r+e\\[7w\0qˌGjbjְxwVӫ\\Kw6pR3g*1EtKhw3HP%$ar	?#Ӽsiykm8s\'cT.sGc=WҜJdaa1;\'\\rnuS4R>RM\0EɄzdcD\\ߪG\0?O\n|IƝjN#񝪬g>Oj:[\"H&e~>T{uW%+xEڭ麾+8do3\"ʼG\'Y]z͔\02sԐFG5$Z̛_7>l=ʾ[o?S\\b=nT%\'=M$ڛ`6>: ܹmnp=jr	=*6v-u\'ƫ`	\n!~9XZW!6TT>B>߳x \Z \ZFQ< }Ojnn6ɓrzؿ5yOY\r,:s0aC2c0@R:^U\Z*S|RkAr<_^_/\\,V@ws	]r\n>\"I4&\rj\'\r-U^?$lS^z	݂A=s^Z8Zqvd˱SGSN \r\01 ]sM\0KVI.Gj|9SAtFmT;nع\nNv:`G-҇j{|ak6{׷.xA3i\Z k|Abҍ]~d\ZUrLBѥi\'Rf\'Gtd27ʥt>]qkwu4$q.23ttJ6Gqڰk	$Ьl_&ie1X,jYTaq$c[n˫,70	d	Y\0!3\'8#yxӢ%x.d{bɸ@Y磣e睮٥{K&\0UUn.9{\ZT?\ZF2MwmV{YܷuWr?W2A^.ynii#$(Fx>uu<|!n7i7&;wV$\0g;Cr;[YXɫr;%AȪb͜ʴGOpwDC.t\0=>_5i%9nE[\"7͌\ZV0#@/VGB$Z<hyICְ3aЎ4Bi}\rF͞A\"{ڡ\'SnƢ|`\n21z\07*?0^D7ٲ:;$\rh?t_ܛ]̿ȏzPjO\\dz=+\n\0vθJSecjM\"/s\0:y\\\0ZwFƩ5E%Bp{2p`ׯq?nvd\\<v>4t#۶TrNܓW	(bԙܖc)=i1\'/1$wVp{g	<zq;uH<7SPA\'u\r6@7ݗprC5ClC|Χv\\dQ`>Q\Z\'\0?5ZqZ7xpNȒ9إJo?*_x]YYfC1RR5U<t>)Z8`>\\+Ǡ5Zk\Z\'aieO2|DncsU+h-M!A-._7zԇWnceю>nxLvJ?\nY)l@VC GIU|Q{3G*#2F$^	23ڦԼDA<y\0ZUf;s>ޝD9Iӑ]2R0~{o}7u&ܫ8?ң[Bw9;}_hoKtkG5r\0O~q~Uֿl\Z-gxѽT1\0U	y] \\m(z׊USgqBĊæsVwSY)=T- \']1#J=1\0FIrOOaO(w2Om\0hytr8`9UMEk.0#\0F|rs\0Y|g$exnVH\0Gpwy-9:WA;_T%\'ʜ[ѩEq[+!ݒz\ZilLCfET=\'ޣ70378;qFEFT&|#F9?|eMc:^=mw\0$zWJM˙t$A5E5yJvC\Z.2zg4?\Z~Ѫ^:zu\0W7᫠^>BJ\0$y8\'һ\"vwlcoMJixuI|3onVHn;:~UɬFe;H]xW<]swAeb2q\Z7G?1oSѡY.E1\0ܓڱpoSE4k=ilѱ{^wdr\0{U/Ipc\"Cc)}:bA6RW$\0ZFdI\\a-Gm,w@;6r6o$bA! 9/No/PPQ6*N	Xma2?0?*-:N׉&\0-cǛ$b\Z[H*[z/=	#ˎdd\0qsV,%0^:QWB$\Z`]8F(]Dn@# x5RH&ea>Gx\nī\Z	laI sqit-ݴ,%Vc<zg\r\0f~\0Ll\0\n(');
/*!40000 ALTER TABLE `Artistas` ENABLE KEYS */;
UNLOCK TABLES;

--
-- Table structure for table `Auditoria`
--

DROP TABLE IF EXISTS `Auditoria`;
/*!40101 SET @saved_cs_client     = @@character_set_client */;
/*!40101 SET character_set_client = utf8 */;
CREATE TABLE `Auditoria` (
  `Id_Auditoria` int(11) NOT NULL AUTO_INCREMENT,
  `Procedimiento` varchar(50) DEFAULT NULL,
  `Entrada` time DEFAULT NULL,
  `Salida` time DEFAULT NULL,
  PRIMARY KEY (`Id_Auditoria`)
) ENGINE=InnoDB AUTO_INCREMENT=3 DEFAULT CHARSET=latin1;
/*!40101 SET character_set_client = @saved_cs_client */;

--
-- Dumping data for table `Auditoria`
--

LOCK TABLES `Auditoria` WRITE;
/*!40000 ALTER TABLE `Auditoria` DISABLE KEYS */;
INSERT INTO `Auditoria` VALUES (1,'Premiun','00:00:00','23:59:00'),(2,'Free','12:00:00','18:00:00');
/*!40000 ALTER TABLE `Auditoria` ENABLE KEYS */;
UNLOCK TABLES;

--
-- Table structure for table `Cancion`
--

DROP TABLE IF EXISTS `Cancion`;
/*!40101 SET @saved_cs_client     = @@character_set_client */;
/*!40101 SET character_set_client = utf8 */;
CREATE TABLE `Cancion` (
  `Id_Cancion` int(11) NOT NULL AUTO_INCREMENT,
  `Nombre_Cancion` varchar(50) DEFAULT NULL,
  `Numero_Visitas` int(11) NOT NULL,
  `Duracion_Cancion` int(11) NOT NULL,
  `Descripcion_Cancion` varchar(50) DEFAULT NULL,
  `Id_Disco` int(11) NOT NULL,
  PRIMARY KEY (`Id_Cancion`),
  KEY `Id_Disco` (`Id_Disco`),
  CONSTRAINT `Id_Disco` FOREIGN KEY (`Id_Disco`) REFERENCES `Disco` (`Id_Disco`)
) ENGINE=InnoDB AUTO_INCREMENT=6 DEFAULT CHARSET=latin1;
/*!40101 SET character_set_client = @saved_cs_client */;

--
-- Dumping data for table `Cancion`
--

LOCK TABLES `Cancion` WRITE;
/*!40000 ALTER TABLE `Cancion` DISABLE KEYS */;
INSERT INTO `Cancion` VALUES (1,'Pedro Navajas',150000,8,'live at Amnesty International ',5),(2,'Amores del Alma',156000,4,'Si tuviera que irme',4),(3,'Me Gustas Mucho',200000,5,'Mira lo nuevo del vallenato',3),(4,'Quedate',100000,4,'Ya Se Que Esta ',2),(5,'Tu Principe',250000,4,'Daddy Yankee Ft Zion & Lennox',1);
/*!40000 ALTER TABLE `Cancion` ENABLE KEYS */;
UNLOCK TABLES;

--
-- Table structure for table `Disco`
--

DROP TABLE IF EXISTS `Disco`;
/*!40101 SET @saved_cs_client     = @@character_set_client */;
/*!40101 SET character_set_client = utf8 */;
CREATE TABLE `Disco` (
  `Id_Disco` int(11) NOT NULL AUTO_INCREMENT,
  `Nombre_Disco` varchar(50) DEFAULT NULL,
  `N_Canciones` int(11) DEFAULT NULL,
  `Id_Artista` int(11) NOT NULL,
  `Fecha_Lansamiento` date DEFAULT NULL,
  `Descripcion_Disco` varchar(50) DEFAULT NULL,
  PRIMARY KEY (`Id_Disco`),
  KEY `Id_Artista` (`Id_Artista`),
  CONSTRAINT `Id_Artista` FOREIGN KEY (`Id_Artista`) REFERENCES `Artistas` (`Id_Artista`)
) ENGINE=InnoDB AUTO_INCREMENT=6 DEFAULT CHARSET=latin1;
/*!40101 SET character_set_client = @saved_cs_client */;

--
-- Dumping data for table `Disco`
--

LOCK TABLES `Disco` WRITE;
/*!40000 ALTER TABLE `Disco` DISABLE KEYS */;
INSERT INTO `Disco` VALUES (1,'Barrio Fino',18,11,'2004-06-13','El Cartel Records y VI Music'),(2,'Mas Fuerte',4,13,'2019-04-21','Aqui un poquito'),(3,'Historia Musical',13,12,'2006-01-10','Tocando tu corazón'),(4,'Pasiones',8,14,'1997-05-15','Amores'),(5,'Encuentro',13,15,'2002-12-14','Banco Popular');
/*!40000 ALTER TABLE `Disco` ENABLE KEYS */;
UNLOCK TABLES;

--
-- Table structure for table `Favorito`
--

DROP TABLE IF EXISTS `Favorito`;
/*!40101 SET @saved_cs_client     = @@character_set_client */;
/*!40101 SET character_set_client = utf8 */;
CREATE TABLE `Favorito` (
  `Id_Favorito` int(11) NOT NULL AUTO_INCREMENT,
  `Id_Usuario` int(11) NOT NULL,
  `Id_Cancion` int(11) NOT NULL,
  PRIMARY KEY (`Id_Favorito`),
  KEY `Id_Usuario` (`Id_Usuario`),
  KEY `Id_Cancion` (`Id_Cancion`),
  CONSTRAINT `Id_Cancion` FOREIGN KEY (`Id_Cancion`) REFERENCES `Cancion` (`Id_Cancion`),
  CONSTRAINT `Id_Usuario` FOREIGN KEY (`Id_Usuario`) REFERENCES `Usuario` (`Id_Usuario`)
) ENGINE=InnoDB AUTO_INCREMENT=6 DEFAULT CHARSET=latin1;
/*!40101 SET character_set_client = @saved_cs_client */;

--
-- Dumping data for table `Favorito`
--

LOCK TABLES `Favorito` WRITE;
/*!40000 ALTER TABLE `Favorito` DISABLE KEYS */;
INSERT INTO `Favorito` VALUES (1,1,5),(2,2,4),(3,3,3),(4,4,2),(5,5,1);
/*!40000 ALTER TABLE `Favorito` ENABLE KEYS */;
UNLOCK TABLES;

--
-- Table structure for table `Lista_Reproduccion`
--

DROP TABLE IF EXISTS `Lista_Reproduccion`;
/*!40101 SET @saved_cs_client     = @@character_set_client */;
/*!40101 SET character_set_client = utf8 */;
CREATE TABLE `Lista_Reproduccion` (
  `Id_LR` int(11) NOT NULL AUTO_INCREMENT,
  `Nombre_LR` varchar(50) DEFAULT NULL,
  `Id_Usuario` int(11) NOT NULL,
  PRIMARY KEY (`Id_LR`),
  KEY `Id_User` (`Id_Usuario`),
  CONSTRAINT `Id_User` FOREIGN KEY (`Id_Usuario`) REFERENCES `Usuario` (`Id_Usuario`)
) ENGINE=InnoDB AUTO_INCREMENT=6 DEFAULT CHARSET=latin1;
/*!40101 SET character_set_client = @saved_cs_client */;

--
-- Dumping data for table `Lista_Reproduccion`
--

LOCK TABLES `Lista_Reproduccion` WRITE;
/*!40000 ALTER TABLE `Lista_Reproduccion` DISABLE KEYS */;
INSERT INTO `Lista_Reproduccion` VALUES (1,'Vallenatos',3),(2,'Salsa',5),(3,'Reguetton',2),(4,'Baladas',4),(5,'Merengue',1);
/*!40000 ALTER TABLE `Lista_Reproduccion` ENABLE KEYS */;
UNLOCK TABLES;

--
-- Table structure for table `Login`
--

DROP TABLE IF EXISTS `Login`;
/*!40101 SET @saved_cs_client     = @@character_set_client */;
/*!40101 SET character_set_client = utf8 */;
CREATE TABLE `Login` (
  `Id_Login` int(11) NOT NULL AUTO_INCREMENT,
  `Correo_Electronico` varchar(50) DEFAULT NULL,
  `Password_U` varchar(50) DEFAULT NULL,
  `Reset_Password` varchar(50) DEFAULT NULL,
  PRIMARY KEY (`Id_Login`)
) ENGINE=InnoDB AUTO_INCREMENT=6 DEFAULT CHARSET=latin1;
/*!40101 SET character_set_client = @saved_cs_client */;

--
-- Dumping data for table `Login`
--

LOCK TABLES `Login` WRITE;
/*!40000 ALTER TABLE `Login` DISABLE KEYS */;
INSERT INTO `Login` VALUES (1,'lagyags@hotmail.com','123456','123456'),(2,'salomonverduga@gmail.com','789a','789a'),(3,'maxiliano2020@outlook.com','12345ab','12345ab'),(4,'rex78@yahoo.es','12345cd','12345cd'),(5,'mariobross@hotmail.es','12345ef','12345ef');
/*!40000 ALTER TABLE `Login` ENABLE KEYS */;
UNLOCK TABLES;

--
-- Table structure for table `Pago`
--

DROP TABLE IF EXISTS `Pago`;
/*!40101 SET @saved_cs_client     = @@character_set_client */;
/*!40101 SET character_set_client = utf8 */;
CREATE TABLE `Pago` (
  `Id_Pago` int(11) NOT NULL AUTO_INCREMENT,
  `Id_Usuario` int(11) NOT NULL,
  `Nombre_PTarjeta` varchar(100) DEFAULT NULL,
  `Numero_Tarjeta` varchar(20) DEFAULT NULL,
  `Fecha_Vencimiento` date DEFAULT NULL,
  `codigo_Seguridad_` varchar(3) DEFAULT NULL,
  PRIMARY KEY (`Id_Pago`),
  KEY `Id_Users` (`Id_Usuario`),
  CONSTRAINT `Id_Users` FOREIGN KEY (`Id_Usuario`) REFERENCES `Usuario` (`Id_Usuario`)
) ENGINE=InnoDB AUTO_INCREMENT=6 DEFAULT CHARSET=latin1;
/*!40101 SET character_set_client = @saved_cs_client */;

--
-- Dumping data for table `Pago`
--

LOCK TABLES `Pago` WRITE;
/*!40000 ALTER TABLE `Pago` DISABLE KEYS */;
INSERT INTO `Pago` VALUES (1,1,'MasterCard','458531794231','2022-01-25','569'),(2,2,'Visa','498721684012','2020-12-12','410'),(3,3,'American Express','487002144581','2023-06-26','204'),(4,4,'Diners Club','400023571099','2022-09-29','998'),(5,5,'MasterCard','560227881366','2023-02-17','268');
/*!40000 ALTER TABLE `Pago` ENABLE KEYS */;
UNLOCK TABLES;

--
-- Table structure for table `Restricion`
--

DROP TABLE IF EXISTS `Restricion`;
/*!40101 SET @saved_cs_client     = @@character_set_client */;
/*!40101 SET character_set_client = utf8 */;
CREATE TABLE `Restricion` (
  `Id_Restricion` int(11) NOT NULL AUTO_INCREMENT,
  `Nombre_Restricion` varchar(50) DEFAULT NULL,
  `Descripcion_Restricion` varchar(100) DEFAULT NULL,
  `Id_Rol` int(11) NOT NULL,
  PRIMARY KEY (`Id_Restricion`),
  KEY `Id_Rol` (`Id_Rol`),
  CONSTRAINT `Id_Rol` FOREIGN KEY (`Id_Rol`) REFERENCES `Rol` (`Id_Rol`)
) ENGINE=InnoDB AUTO_INCREMENT=3 DEFAULT CHARSET=latin1;
/*!40101 SET character_set_client = @saved_cs_client */;

--
-- Dumping data for table `Restricion`
--

LOCK TABLES `Restricion` WRITE;
/*!40000 ALTER TABLE `Restricion` DISABLE KEYS */;
INSERT INTO `Restricion` VALUES (1,'Premiun','Acceso Total',1),(2,'Free','Acceso Limitado',2);
/*!40000 ALTER TABLE `Restricion` ENABLE KEYS */;
UNLOCK TABLES;

--
-- Table structure for table `Rol`
--

DROP TABLE IF EXISTS `Rol`;
/*!40101 SET @saved_cs_client     = @@character_set_client */;
/*!40101 SET character_set_client = utf8 */;
CREATE TABLE `Rol` (
  `Id_Rol` int(11) NOT NULL AUTO_INCREMENT,
  `Nombre` varchar(50) DEFAULT NULL,
  PRIMARY KEY (`Id_Rol`)
) ENGINE=InnoDB AUTO_INCREMENT=6 DEFAULT CHARSET=latin1;
/*!40101 SET character_set_client = @saved_cs_client */;

--
-- Dumping data for table `Rol`
--

LOCK TABLES `Rol` WRITE;
/*!40000 ALTER TABLE `Rol` DISABLE KEYS */;
INSERT INTO `Rol` VALUES (1,'Cantante'),(2,'P. Natural');
/*!40000 ALTER TABLE `Rol` ENABLE KEYS */;
UNLOCK TABLES;

--
-- Table structure for table `Seguidor`
--

DROP TABLE IF EXISTS `Seguidor`;
/*!40101 SET @saved_cs_client     = @@character_set_client */;
/*!40101 SET character_set_client = utf8 */;
CREATE TABLE `Seguidor` (
  `Id_Seguidor` int(11) NOT NULL AUTO_INCREMENT,
  `Id_Usuario` int(11) NOT NULL,
  PRIMARY KEY (`Id_Seguidor`),
  KEY `Id_Usuarios` (`Id_Usuario`),
  CONSTRAINT `Id_Usuarios` FOREIGN KEY (`Id_Usuario`) REFERENCES `Usuario` (`Id_Usuario`)
) ENGINE=InnoDB AUTO_INCREMENT=6 DEFAULT CHARSET=latin1;
/*!40101 SET character_set_client = @saved_cs_client */;

--
-- Dumping data for table `Seguidor`
--

LOCK TABLES `Seguidor` WRITE;
/*!40000 ALTER TABLE `Seguidor` DISABLE KEYS */;
INSERT INTO `Seguidor` VALUES (1,1),(2,2),(3,3),(4,4),(5,5);
/*!40000 ALTER TABLE `Seguidor` ENABLE KEYS */;
UNLOCK TABLES;

--
-- Table structure for table `Sugerencia_Canciones`
--

DROP TABLE IF EXISTS `Sugerencia_Canciones`;
/*!40101 SET @saved_cs_client     = @@character_set_client */;
/*!40101 SET character_set_client = utf8 */;
CREATE TABLE `Sugerencia_Canciones` (
  `Id_Sugerencia` int(11) NOT NULL AUTO_INCREMENT,
  `Nombre_Sugerencia` varchar(60) DEFAULT NULL,
  `Id_LR` int(11) NOT NULL,
  `Id_Cancion` int(11) NOT NULL,
  PRIMARY KEY (`Id_Sugerencia`),
  KEY `Id_LR` (`Id_LR`),
  KEY `Id_CancionS` (`Id_Cancion`),
  CONSTRAINT `Id_CancionS` FOREIGN KEY (`Id_Cancion`) REFERENCES `Cancion` (`Id_Cancion`),
  CONSTRAINT `Id_LR` FOREIGN KEY (`Id_LR`) REFERENCES `Lista_Reproduccion` (`Id_LR`)
) ENGINE=InnoDB AUTO_INCREMENT=6 DEFAULT CHARSET=latin1;
/*!40101 SET character_set_client = @saved_cs_client */;

--
-- Dumping data for table `Sugerencia_Canciones`
--

LOCK TABLES `Sugerencia_Canciones` WRITE;
/*!40000 ALTER TABLE `Sugerencia_Canciones` DISABLE KEYS */;
INSERT INTO `Sugerencia_Canciones` VALUES (1,'Vallenatos Romanticos',1,3),(2,'Salsa Urbana',2,4),(3,'Perreo',3,5),(4,'Baladas Romanticas',4,2),(5,'Merengue Bailable',5,1);
/*!40000 ALTER TABLE `Sugerencia_Canciones` ENABLE KEYS */;
UNLOCK TABLES;

--
-- Table structure for table `Usuario`
--

DROP TABLE IF EXISTS `Usuario`;
/*!40101 SET @saved_cs_client     = @@character_set_client */;
/*!40101 SET character_set_client = utf8 */;
CREATE TABLE `Usuario` (
  `Id_Usuario` int(11) NOT NULL AUTO_INCREMENT,
  `Nombre_Usuario` varchar(50) DEFAULT NULL,
  `Apellido_Usuario` varchar(50) DEFAULT NULL,
  `Fecha_Creacion` date DEFAULT NULL,
  `Id_Rol` int(11) NOT NULL,
  `Foto` blob NOT NULL,
  `Id_Login` int(11) NOT NULL,
  PRIMARY KEY (`Id_Usuario`),
  KEY `Id_Rols` (`Id_Rol`),
  KEY `Id_Login` (`Id_Login`),
  CONSTRAINT `Id_Login` FOREIGN KEY (`Id_Login`) REFERENCES `Login` (`Id_Login`),
  CONSTRAINT `Id_Rols` FOREIGN KEY (`Id_Rol`) REFERENCES `Rol` (`Id_Rol`)
) ENGINE=InnoDB AUTO_INCREMENT=6 DEFAULT CHARSET=latin1;
/*!40101 SET character_set_client = @saved_cs_client */;

--
-- Dumping data for table `Usuario`
--

LOCK TABLES `Usuario` WRITE;
/*!40000 ALTER TABLE `Usuario` DISABLE KEYS */;
INSERT INTO `Usuario` VALUES (1,'Dolly','Caseres','2005-01-19',1,'PNG\r\n\Z\n\0\0\0\rIHDR\0\0\0\0\0\0\0\0\0æ$\0\0\0gAMA\0\0a\0\0\0sRGB\0\0\0\0(tEXtsvg:base-uri\0file:///tmp/magick-yVcYGtyY]\n\0\0\0%tEXtdate:modify\02017-02-18T00:53:39+00:00o޿\0\0\0%tEXtdate:create\02017-02-18T00:53:39+00:00f\0\0\0	pHYs\0\0\0H\0\0\0H\0Fk>\0\0\0PLTEGpL^)\0\0\0\Z\0\0\0l,#^(\r\0\0\0\0\0\0\0\0\0\0\0\0\0\0\0\0\0\0\0\0\0\0\0\0\0\0\0\0\0\0^#6%>&^)^)^)\Z#^)##^(\Z\"\"\"n	\0\0\0\Z#^)PC\0\0\0\'tRNS\0Je3y;^3TpΆήgzXy	9f\0\0_IDATxi{0FqŶ굵e%!	`ޢd2\0\0\0\0\0\0\0\0\0\0\0\0\0\0\0\0\0\0\0\0\0\0\0\0\0\0\0\0\0\0\0\0\0\0\0\0\0\0\0\0\0\0\0\0\0\0\0\0\0\0\0\0\0\0\0\0\0\0\0\0\0\0\0\0\0\0\0\0\0\0\0\0\0\0\0\0\0\0\0\0\0\0\0\0\0\0\0\0\0\0\0\0\0\0\0\0\0\0\0\0\0\0\0\0\0\0\0\0\0\0\0\0\0\0\0\0\0\0\0\0\0\0\0\0\0\0\0\0\0\0\0\0\0\0\0\0\0\0\0\0\0\0\0\0\0\0\0\0\0\0\0\0\0\0\0\0\0\0\0\0\0\0\0\0\0\0\0\0\0\0\0\0\0\0\0\0\0\0\0\0\0\0\0\0\0\0\0\0\0\0H#qt:Ew\'1	\n/ub<Q#\0\nKFDcދX3ܓ\0Nq\0\\߲t.џw\0Swloxx3!`2XS$&^ >6d76y\Z?z5* -#\'~GH<<	fߐ\rl&\0Q\rVT͌h$@c30{WIzqCCI_3,B׋ǀq;nٹ:-nyLkPg~M)@ȿ|lH\0m&9@tC/!nHHwI``.ՀWEZ+)73\n-3R<A:7^ع0t{͎	w^$)-\\E_+i/ \n\\n({Yy~gZ߻{\0gfFξa<\\i3[)sbQN^&5ΓX*ד7)\0oxpZjs`] \\QvO V<bV/8ģJ 57c<f. hL8{Ccp ċ[1+`3bx\0\"3VT)m%X|L x~̓<dH.\nDe#[>	w\"Iv/ Fm\0<@Mϕsif2ϗ22%H`%b6	4H߰J`!܆P-lr1qdOVv/P g<=\0%d1+\r<R_t[\0C}i|tiQ@ 挄\0Mi=@v\\iK[ɬ`LS{x\0K\rAU	W\0YW*5i*7s1w$(5Stej3\0K[sbr۵b;Q5vv{=U$PQwGfǷ*.wwӎӊv/:r3D輽ogѵ?LV5x^>B\nM<2,3 ^dIDr\nIIM#\nmUi$4>r1vR-=y*;64/o	) )t_,}xa_#\0U\00ןI?{]t1C;NItCy\ro?kbma\nx1 \Z#X_ةrGzş԰Yzҁn&/\r\'M+7:lmu!wꡌz*/Qu,^R@-T9@{\n^Sϛ2\0Fx6L-ƆdDהh[`WM}i=d-9go̟I%{\0еq\0f\0r&A	r\"?.zX5&TVJ=iWsNIqcyis}A,LetjBPjpW	-\0<2TOXDq\'@Y1;ueG([\n!e`dw\0 `.+ODOP6h4}_{f\\^\0\rt8t\0H?I_>tCOMyp|\0a1(3$o\0tKIwW438f4&d9t%s\0SzOJbC5̸^$\r,Khr\0w**\'m$o	@moǩh38W\"ifLBpT@\ZyC@<nJpR?\'b0d4Q \n$U?J:8W!)@O<iNx/{L)~Vo/Bp\'d\'Ե3\n@	s+@vB\0K7rqw2B+a@}cԺq.t)wpз1U]O\0)HQDM\0{$s\0u\'E$5x\0~N_y<-IhEۻHډDeg{r#,hB8DD1ph\Z\0?IKġLôNs1}6{(bWEtji$\n[ʗ\'\0}LO׉h,uv>b<t5Q>s\n@W12\\\0,e[U\n/(ɑ>,K	}X\0\0O߇c{\0:9\rKЅn?):[0 \\<D\0A\r!r@}M|:\0ܯid*\03>gx?2 7>=)w\0F P<d|/	L U@E\0c`C,/\"4%j@cLV~Î^>Ba&ʖ<FS3\nwx}D$\0Kn%Jʝ@Cdɶ ZaD9E+/	m_\r܇\nb2ͽcɥG7;{ſω=O-\rY2W끜z {ц\0¶P\01//?T?|k k!	uԔu^lߒ[|U9yf/weͱbl,YR$4w[{juqk?jGɦ\"HykG?_F\0ʆ\"m{n0 ߖd#I@ˎ>ZԡV#:;\0B\0\nMToN\ZmWss7q\np$$Ph\\l>F;2ԷǝzB\0{бquF_o7#K?>hD=*\09\0\'KQ)bh/bq&=@UZdvbԢ#OcuZ2SP}j04gk?1~<IT+Ix\'`c\Z$SZ}ߞ%sN-+ԬN<5\0z׋ل1o)$E=̗x@{T\'|\'8io￝\Zg6͓\\m`np`\0}۠]\\U.!Kev\0Qxt2_4΅b5&`xUjv޷\0\0^p:s;{;B\0x\"l6G*1D2%S6s\rW\"y,\0ꝞczHĸ]>.b\'KCSg;\ZP2$J\n+ϛ5q,|c:]gl0[;veJdH$V6^\'GPS{tQ.X\ns꓊I\"eJ5`NeZ1Ӵin/uVv<\0ST\">0\r[ZlBTQR>96\\;\rq{qS6_O]\r95ܒo~|WJslpCA>O:i\'s{]1}ܒx7Nؒ6[s髻bce1mlahmU\n\\WkJAj/o1]dj-Sʿ /?uc}	ת}c$F:V^%?pvlhjȕ|My7\"տ%aҨqopvMX\'C \rKƣXxbv&1M既hf+oOkcrOo^{\'Uw		6ʘZN۫3yQdpm\Z0Wl?kbnEh	+7Qj>tRgA0{Tz&y⼘:͒$MD^\Z%ӒNOo㵲Ht67_t5YxϪ.zcWU\00o]Vy&H˲|_ldo~i\'R(͍Q^&mcmC\nLBM˵ewQ8%ۂ2Ϲz^Gec]///:|<շy(<+|/r= /j?j|)ʻ~>ίm\nVĎÀ0=i«ퟕaȥoL;տQ#9<mN=Pg%\0\\gYa^W\0qNƊoTSCQl\\#veTqiVf>w\'P\0ߕTf,|/ՓA>Th:Y.FnK\0`S:XfD\0sW-?)V^6WhAlv:\\F?\"~MxOOw6 Qv@}[%(rLl?8ߎ?=t\0U{>|y(lUۮKOI@f8V0ouvfՓ7;r)#,W^_yv~slQ_o+-D\ZRM,ʾ7(,\0<\rxٖཛOݳ\0Hk-b\'ЈYҝkp}]ocYNc#dEp:-#8\'\0GC\0\0\0\0\0\0\0\0\0\0\0\0\0\0\0\0\0\0\0\0\0\0\0\0\0\0\0\0\0\0\0\0\0\0\0\0\0\0\0\0\0\0\0\0\0\0\0\0\0\0\0\0\0\0\0\0\0\0\0\0\0\0\0\0\0\0\0\0\0\0\0\0\0\0\0\0\0\0\0\0\0\0\0\0\0\0\0\0\0\0\0\0\0\0\0\0\0\0\0\0\0\0\0\0\0\0\0\0\0\0\0\0\0\0\0\0\0\0\0\0\0\0\0\0\0\0\0\0\0\0\0\0\0\0\0\0\0\0\0\0\0>m5\0\0\0\0IENDB`',4),(2,'Etta','Holguin','2006-01-25',1,'\0JFIF\0\0\0\0\0\0\0\0\n		\n\r\r\Z\Z)  )/\'%\'/9339GDG]]}\n		\n\r\r\Z\Z)  )/\'%\'/9339GDG]]}\0!\0\0\0\0\0\0\0\0\0\0\0\0\0\0\0\0\0\0\0]S	J7dWXvNup)%r+;EWn\':\03q?0k4VNEuhWHbQ\'\"ôUvsL$1(ݓ]a,X&g$1]$aƱq`)#$t]\ZVzo&=\0=	\"2IWI5@\\X&g$1]$aƱjKc\rUve[I%|i?\Z\Z1\0\0\0}&[I%|i*2ǭ>{i]J[-Oư9ﴯ5j|@\0\0\07ei8\"ƶ[6}ar!ӕ]S	J7dWXvNup)%\\D#\0\0\0LlC9\\\na!F윊5?m.fncn\Z7SIF=\0\0\0\0ݿ9jƧlr5?2ǭ>{i]bM\0\0\0\0\0	5%i]bIlz=A\0\0ʮ\0\0\0\0\0\"~\0	\nNup)%r+;EW~xg\0\0\0\0\0Mz&\rhWHbQ\'\"ôb_>\'azoN\0\0\0\0\0\0{;,<gmF,\\zI-CH6Ux\0\0\0\0\0\0{wfX[vm=xdYnt\Z.dS\Z\0\0\0\0\0\0{s$ss\"BNup)%r+z8\0\0\0\0\0dM;7n:C9]d5ܪ=mᚪ(\0\0\0\0\0\\`Q\0nQܻo<KcJ\0\0\0\0\0n\0(@	}&ǡݤOhEWn\':C`\0\0\0\0/4@րи	J7dWXv	\"2IVz\0\0\0\0\0P_Bk$t]\Zū,\\zI-C\0\0\0\0\0t\\ `һ8|i*qƶ[4>\0\0\0\0\0\nB\0އq9ND:r\\\nYDD\0\0{LW?N\nV\0æbQ\'\"ôuOg[U~\0\0(\0īi+\0^˦{70,mK\0\0۰\0@\0~8aҠ琱@\0\rUt?4d0\0\0\0^\0*JD\0my]\0\02>_h\0Y^_\0Ց]a1/[Ah@\0\059U\0\0y`\0\rB~v߽4o2ǣj\0@\0jkn\0\0+j8w8k\0\0yjIm]dŲ-\0\0/kLUC\0QI̼P\0\0H:n5*E\0\0_6y\0\0T\0Πa5L`\0˶J@\0\0\n\0\0KzK*̛7\0\0YW9IGC.\0?W\0\0yu\0\0oz\r_&Lv/r\0*\04X\0\0E\'\0)J\0X\0#<\0\07EWc\0ӽU\0\0(z\0\0vk \0G[e>\\\0\0	E}\0܍\0\0/怭@\0\09\0\0}\0R\0,G1@\0\0QH\0\0x\00y\0ǨkG\0 /7\0\0LL\0\0yx}h\0O\0\0\0`\0Q/?SF\0\0\0gy\0\0/hD\0\r}mN\\0(i@\0\0{~sP\0`h#<oA清i\0@\0\0Ψ\0R5 \0G\0:rMS`\0\0\0]qϠ\0	\0\"mX\0\0\0~\0s\0mh_ fHր\0\0\0+z\0 \0Poc}C\0\0\0y\0\0~@t\0R]i\0\0\0\0\0\0\0pC՝q\0\0\0y\0\0{Ѿ\0*cu9\0\0\0\r\\\0i?\0F=y\0D9ټAQ0\0\0\0&2@\03qG@z˚N\0\0\0.\n\0\0OP1y[\0B\0\0\0t\0\"@	=Zw]n]?<\0\0\0! \0	t\0g\0O`LS\0\0s\\`>\0-8\0<陈ˑ1\0\0\0B\0Gߠ\0B\0U?\0\0_\0\0t>\r\0\0Ϡ@\0\0n\0|y\0\0O<\0\0\0|ycF\0\0~\n\0\0%}-V\0\0Ӭ\0@\rw1\0{ӹ%k@\0+]\0w@Û\0&}!\0)\\\0\0bytք\0\0L\0>U\0\0!ꊺs\0\0MK$M\0\09\0\0\'EX\0˶\06_YdW8|w-_P\0STנ\0ū,^d\0zJl0L@\0 \\\0\0ެUۏ@\0rps\r\0\0ysO\0\0yrZʮ:\0\0HIS\0XQos\0\0~_S*@\0\0}z\Z|	G\0{̷88\0\0-]Os̱q*[\0\0vꫨ\0O7Gb@\0ky]0\n\0\0&᭛\0\0+P\0]yV\0\0\0O\0kΙ\0yр\0\redWXvKd9\0\0\0>BtX_@\0tY~ѼKhj\0\0\0[eOW\raF׀1-Oh\'-%hv\0\0\06&eicq=c7@! \0t޳[%̊|f9\nq9_\0\0\0\0u\0s\0=J7dWXvu<·rnU\0\0\0\0\0t\0r\0ywΣr3[;ʮ,\\zI-Ctr\0\0\0\0\0[wp@|i*Uۉή0Ģ\\|\0\0\0\0 \n\00ģvNEuh`)#$tNqҀ\0\0\0\0&%\n\0>1$+ x-]bIlz=AUV\0\0\0\03? !Ilz=A}xq\0MlX{s\0\0\0\0\0>Ds4^Ό͍lm>g\ZÔC*q9nȮ5P\0\0\0\0\0\0\0u}S	J7dWXvlp33uO2z\0\0\0\0\0\0lp33uOs̱qi$= {EWe_\0\0\0\0\0\0ۮܫ,\\zI-CH6U\0\0FՀ\0\0\0\0\0k\0Wn\':C9n~}\0\0\0\0\0+荵uhWHbQ\'\"ôb_>\'azo]t\0\0\0\0;,<gmF,\\zI-CH6Uٖ.=m$i/\0\0\0\0:ƐH6Uٖ.=m$ǡݤOh\'-%hwKqْ]fqT`\0\0\0\0α]΃[%̊|f8l.C5\\ȧc\\\na!F윊Uۉή0ģs%9\0\0\06߮L$1(ݓ]a*q9nȮ\Z&ynQܻo򫬙Gr3[`G\'\0\0l3ksGr3[;ʮgVU˶l*̱qi$= {EWfX[vm=d5y\0u~e[I%|i*2ǭ>{i]hWHbQ\'\"ôUvsL$1(ݓ]a*q9V\"zl\\ܬ,r+;EWn\':C9\\\na!F윊*WHbQ\'\"ôUvsL$1(ݓ]a*q9zRqFĴp)%r+;EWn\':C9\\\na!F윊\0\0\0\0\0\0\0\0\0\0\0\0\0\0\0\0\0\0\05`}ڐ\0\0\0\0ЩÀlYl\0\0Z\0\rˬ\0\0\0֢ǀd\0\0\0iu\0kh\0\0\rN\0\0-\0\0b`\0\0X@\0\0\0\0Z\0\0mtL\0\Z|\0\0s\0\0D\0\0\0p\0\0\0@9\0\0\rX}P]\'L\0\0	[\\\0D6?9\0\0z>@x\0\09ֈo@\0\0 Tk@\0is\0\0_e	۰J\0\0@z@s]`\07vGxۡCa.\0\rbZ\n\nl\0,7@U7\'­ULo\02ߠ Au\r>p\0=y2@0s\0\0O]BO\06tMn(`Q\0ܯ1@/\0t]\0%GL\\y\0.6#S\nE[]\'\ZҴpԂ%oƟ8UъdwM䙴g\0:~E 7K)X{f\02Nk`En\Zsc\0Bр$z\0[t<\0Ӳ<PsN5yIt\0\rC\07%je<\0e\Ztis\07\0 +0\0~4(GD߇Q(q\0\02BX\0\'\rHˎc\0 S@/U\rAx+pW\0`z ޟ5Q4 \0%/;\\jXE)S\nX\0} jsp=gy\n*R\0\'J`rmUj\0>GFkW\0\0\0#,eT\0@2^f̬T\0҆.n!Z;0S@\0C[Xఛy2\0A\ZY\r}4\0aB\0tkܔ=.|@l\nX}u\0,*Pn\n`\0=tbѫЌ/|wӫ0M9\0O}B\n/|\nP\0ҽ~ѣ9Nb؀HU<\n@k{\nXX@,>eC3p`]$*]pt~\0JTsZaJ[E:nez\09W.`\Z<Mv\04uZe|7x>s`I۠tYH߀mP\0z3\059Ԍ6\nL\0,w\0\nN;n}}\0l^\0a9H\0\0oPQ`p\0\0>ܬ\0*2IvF\08(vT@yXr[gƄwM-p\0\0:n`Ҷ@E\0\06¹Ot\00.\n8\0\0,z~<s\\ \0k}4y-`V\0D+ \0\0*(-v\0V \0\0=;\0\0\0Y\0T\0\0V\0\0W@\0\02tM\0{\0\0:\0\04 \0\0X\0\0\0y\0\07\0\0CѼ\0%^\0\0\"@\0Oܽ\0\0\0\Z\0n\0\0\0_\0\'m{`\0\0\0aa\"{`\0\0\0\0[nݶ\0\0\0\0\0\0\0\0\0\0\0\0\0\0\0\0\0\0:\Z\0OqY\0\0\0B\0x\0\0\0>=\0s%0\0\0@\01\0\0\0\0\0\0\0t,~\0\0d\0\0e\0\0Θ\0\0{\0\0n)\0\0\0\0i\0\0\01\0\n\0\0\0Gx \0jj\0\0ǌ\0k\0+=]\0\r<\0\03OlO\0m0\0܈\0fJq@\0\0l@Q@p\0:\0\0H3%,\0o\0\0䆖/\0};\ZOO\ZJh\08n\0}k*g$@R7\0@sqῠn\0<#U{D[\0| U=\06;ϰ\0d<pj	&~ȍ\0vlX\0E9B\0f\0ҿ3ŝxv@gzPB\\k*[R\0X\0E݀%9Qntێ1k %sH\'oI\0q/p6b\ZJ4ga^li 8-,h\0B>#l\0%o\02}UX\r@\0ĿI\\\04p,,ݠ$En%!Զ\0JX\0F\0xOU \Zf \0#\\ACހG)]pY6t^=\0\0bΚ%t.n4#q\01\ZZ9QAļx\0xvl*?B6\0\09и\0`_O\rQ\0CG5҃\0\"|\0\0\0/qQݝ(;\0\0yߢM\r\nQ\0\0C}L*9<gM\0\'Y91QD-l\0lu M@IM\":\02R\0Kw]4i>p^\0ƾ&hA~`_cAwo\0Ez\0?TMO\0faiAtP.\0.3 Q\047;0\\Oc\0\0#o\'\03ROUڔ\0WHt0̃kX{xo>/h~e li}J\0#d;oK9a!fʜ\0KU;\"~0{H5) VRo?`2db\\O(*爀t->&\0FcyD\08s\"lR?>\'՘\0x=<M%5U`Ę?OX\0B>`5Ix&T6\02\0qAR\0x:;2\0)}{\Z+\n \n~\0\00k@C ; \0\0D99\"\0Z\0#ͅ\'n	NT\0\0\nxxa\0\0\0Z:\0\r\0\0&w4?\0>H\0\0x[MH\' \0n)\0\0\0\0\0\0\"\0A`\0\0\03\0\0/j\0\0\0[/X\0\0$\0\0:Vo@\0\01`\0\0w@\0\0\0\0\0V>\0ܟ\0\0߫\0c_\0\0Rq\0\0\0e2sx\0\0\0Qߟ7\0\0\0\0s%/\0\0\07\0\0\0\0\05@04 $1EP!%2#&A\"36CQ\0\0\0`v7q1t.0map;.0nbŧ];8`Îv\\=`\n*2UYo2X<F̊VF֯FQUT>tk;SusG_RQG0GR\0oq~ZfJ\'p)X	{oG1th;pawNގ-?b&w\Zzs4@#N?s[AsiҸ:hF,aj8FPjRi98:gBio}9j\0CjbJ8CJ:$\0A\Zii$T\ZgQcF\'iIynEUUUƾƙD:~xT2qHS\'gNR\\K-`\0\rPM=9\Z G\'PLHM9-9@MCIQ4i\\q[D@4#0RӜ#P\n(5C)4hGX@Q3M!45\0!51%DӜ!qnu\0 ЌXKNp@7n\0\0h/.^9n^-ml]ŭܼ7\0`\0x\0bnIeV%IrACla\rNTHhC^-ml]ŭܼ7\0rݸZۂػ?[o[xo\0@wD!V!GA=\ZU?_ho9};@wf5=20-vnt__hhq	[_hT0xjAVb+$}\ZEzp T\0gq[$0Ib EhXf^(M;͊n1txjAVb+$}\ZEzp TxٸQ}}4xB%m}tPYvӴxk]a_hs-SwfG@e&.ZӸ#\rL8e\rL];z8\0!=)Í.)w:)KkOwp	{oG1th;Q3PDYj]ZO\'[࢓t	TBq)\"gAvdho\'[FQBgQ3PDYj]ZO\'[࢓t	)^j\nhoVoVBq)\"gAvdho\'[FQBgQ3PDYj]ZO\'[࢓t	TBq)\"gAvdho\'[FQBg7n\0\0h/.^9n^-mhyjFMq)Jh0*K.97-^9n^-ml]ŭܼ7\0sq܇GVF]\'M}dudqVFc\'C}udtt!ՑkEv	Uu^2.B,eQVI!2Daԡ!ݦKܤ\'C}udtt!ՑkGI)_YYDts}5qՑIPGY\'`v7q1t.0map;.$\n\ZmzuVgkT#67i({oG1th;MÔLEzYl\Z.%&!},\0\'.(I̲Yu]Z\\!6\0M2fE+L5.f+w(IT?ms=ydk2Y:0^ofF)KI_K7K\n*ws,oWfVM3LzY:\rۀ8ŭ-\0\0`^\\l5UETEğ4apAxv~?޶r΀4\n:䡯f\r,K~\r?s\ZE{x$aD!WTU]Wu#-0U\'Zh\rCH3ttAa%_w9G@hUf\"ὼGA0wqG_w0nbŧ];8`êc\nW4QXzD0xiv*g\\D)hn)UtVu&k^e$&k\'B0nbŧ];8`Îvu0Dd\\!E1T9>OQp85/O GWSNUuI$T+hnpRW\0@܌xQnO\rPNS,r3f\rEPH<~`M3QR!܂q!PUE\rۀ8ŭ-pBnf[nT0B#\rgU}i.)K:+-MTM5knb~-ml?8{oG1tUq\0WKfWě^w	9	p:58ңMBtE];8`Îvu\0 T2ONpu\084Np{9sPPT[U~~otMM>ғ9VJs[R;	s[AsiҸ:hF,aj8F\0p\0[p[gwhj,:97ʥ8 ]>ORSU6M*eZz:!:aԂVID;yϔ/oYJRu^FT6pCw{sq-50᯴A幖h;p2DhpawNގ-(E\'5e.WJT~\0Pn]\'}R2o\0GxY3+?xww\r)fxǛTGI%/WRdײu-ITҥWEӸ#\rL8g[GMAgAvei<oNNB	{:ҙ,(c6\\FJv4u^gl.rv{lpf5zP6E]j%Oû֑ě9\nĤ!1ّo9EK#[ݸZۂr>!nzkJ)}˅t3G\n\n9 JCz爙\" ,:?wjzeBJǚƜ k%a$2hܼ7\0sq܇GVF]\'ӓrj\'*dun]\n&i\\OckO\0\ZeJjz\\RM$Flkqʺk\ZNtu!qՑxpawNyMR\0o9Ԫ+J-&`u],lQ\"Em>\0\'^pS\\$s@60p9DWvّi\'SgeWV3#[ u#aĖj<WV%7Twm2Em^	%G9ʙNs%i,	X;y6aU]GUM3LzY:\rۀ8ǔ\"e(*(8uiᰶ\\@%+,$!j1<MΥ\\AqWQ>ӔKT\'0_rU╤3\n|\'&竺~JRvg$U\0`t!Q%\r}p-Ȕ2qEՆe)r$Ko㌛MEQ5Rn1fk\\N_8d:TJ_?o`\\\nr9OPm|	Bkch\0t!\ZF=ظ]+knViJ^KMIU$IDTJx.=ꔗKknrTo\r评\0TJyŰmt$$ѿ9%]{YSpYn;\\ #LXWO8䁗\n\rNrpʒt\n򟌼q9xr\\z4#5%Z79EDEt#Qpv<Pࢊ(*i?\\.NF<BCȮ\"$Õn3\n~4+K֣5Mh^`w8eL)NSg&M.ҊJcj%<{30[l$\\nA\"\rLI\\LZ*-\"oT[qy&R)S{c3\rh9k\'Bz+DUMa~qIj\0A%e\\x.}2ܢg*>)sGXwqYT4\\2zKئiHUS9ʮ*b	\Zsj\0`t6\'UUNuUܑVO\"jzqN2+?K4|MDNmɵƗq9UU\\hrfm?\Z_0ac;Kp̭a\r`$7w*~ͽʶbE$SD\'aޚLn\\W#*,*V)L1{NbJ{[YdIEobyl!ITI5R+=OrU	3}2GC{:QeI&6nOE7+e0MJfMꢴ5;&gFbxAKDTҿmB_,OĆ.]Z;)rdb-Vn>5\rΩBK<[ݾ#CCBcgQmZ2f^)*Ujj2VUS?JI6	Gs1xP2A!oE4[	Zӭ\ZIN˄yx8컣2[bn*gK(1\Z``sr1넨*drkpg&bE*ѭBE5UUSۉSq)ʩJrot9v\\<v!Q/J˰&$]AM>gנ͵9Jr\ro\nL=6]´/	J]),\'Y[\rWt9&d+MO#2TJ{?CL)JRCr	pmmUAXr	zJf>n/ygnl.\r%X\'$W;%\n>)5^(c6\n(#WC#)8N1MiS]-\nAY/T]z𥲒\n=ORl`|MDyw#$oD\Z|j-Ƣ\Z|j-ƢBm=L솪i5rg9\'BHdi%p\0Q_y*(Ω:<ǒSJcLy)%1<ǖΉWDt|9(gM1xBa?\019xNr8Le5[?SD[$%WZ\ZV$)ye51<ǚSjcLy51槳^*Q(V^UUK\"~\'{XPRNCϿgxi4cLm14cLm14عDn{^RKB^+(qJOJ#Wn0SGjvݸCXXVKRp\Z}	1.ת?A`]\\@ZCY=Z5ލj_&#&l)Sq6e\\##n3&}7@.͇˿^gw\n*H#˲S|(CzeOj6tItUѽJ>2)xφĢO?&}w5kW|L@eX\nI\\S`FʊAqm6(&X(yZ,nO$̗,\Z׭W@$uUͽV@[inQI4I\"#n	SYR86Ěe/-^jhtuN^*༧%L?`BfbJK&I+GŖ9Hiw%bjBɌQUQEpъnC>)%miOgçijE^XhD6HD`\0K3P36\0ޏk=dnlnA)/g§~M.)Z%?	ژC_Y	SNLkgm\r?	OLRB}F,`踂)z5SMtEWũ]CZ\'	,DM4.G\",YkYF/37\'fХ}4GړjT=	$e-9@Vۍav30w0vve*RI\r|ƞ͑f\'PQߛۂqΨC{[zqNn7~e !.ۡ+v`@&qC&;6rv)*Gtnvʵ)Z[]+M$&9m-c+a߅Kd@A ,kq{cqHGEWLamnМ-(JhOӸǷ\ZH9b\\H(l&\'`t^T!-;iTMTM5S踸FKӑn|~[V1E(@FNY᥉	W]4SUuEW3ie\r\ZQAIq}J$6\0CVvD\0sۛFh¦eZ۔_ep*(S/O\0X܄xTSwCVpM6#$vF {O\ZXAӜ#P\rۀ8[)*,+;YgsnmJꪲu *V޷Wo\0!CK\nmsUN-yT<,;C JDq*KA%!n`B窐C\ZR)HڨIKJ)`*,]xָD$X{[2riٸQ}}4|8{΂D$*ܧj7bYw*	O7Y19Js<_(BBz(NoJ*u-S*gH/*%Q,Y}B\0PT i$o95K!ٕxnI\'l9$\rewU4QUnwn7?U[oVf\'W&{8ivLΟ\Zg4mKUV\\)6FJs+[FQBg7n\0\0h.E5UO\rFN\0šĵB@>$\"N¤.MUImf4Qe|iCH0YbUeS;{Bd(J#|=B-sYuVhлMȺF*IOrYY\Zttqј\"qn]ʿHyq8}==йa.aM-F[v}U$Nj+ŻdAwts8C#&.i:jymPڛ\nyqVho!.%?g)XTW]ET-DbS4ʚi`Îvz0^ofF)KI]bҵANS܎I!1U?\"N̗eD}p#+UuUuᒗ{5C}	Js+\"6yGK7+PuK&ɦZ,R?m\Zht\0N\ZTPgCSCem9R3fIhhRTRe]5SS3lus9KzӜ?inuC_ws- \Z!Y};Sud*t ;S9rBq6J-sǣxEG;6?%|PWLxL&]rLחrRӟ8KQ9zEB/IS[e\\.\0(C:nE{x$aD!\ZF=`ӷOzڔܭ^	֚(jiŧT*ĺ޵VtQGZShUN60E4Ō%t!n!a`QCU\"\"O\\\"9gYÃMOuKM>;E\Z^\\/9=ELT<w HDmE5CE4#Qpvknb~-J\0gTUN~@=;Җ\'\n8}k&IR)]ŭܼ7\0~G`v7q1t.U$IDdgM!MGqRHޥj/s\0sŧ];8`Îvu\0 T2ONpu\084Np{9sPPTM9$S&W5OZ\0Ud][UBHy&=m\03;}iB\Z\0@!LHM9-9@MCIQ4i\\q[D@4#0RӜ#P\rۀ8ŭ-\0;ՎC!DW]OOIf\0EJRb&,*((orH(AE-\0\0`txB%m}tPYvӴxk]a_hs-S}٦Gٌ\n\0T:7eEkmzhT͝0?#\0r?k5&%V	*z5 1~rv\rk=c8k{yne`Z(\Z=`ӷOwp	01ȺrݫisJM 0oG1th;Q3PDYj]ZO\'[࢓t	TBq)\"gAvdho\'[FQBg-Vܥenͭ`A\0\"᜚%Ry=RĜ O:\nKI\'K8Bc#Cy=R\n0rK8GTpAxv~?޶rYUOSj+\0kM5UU4fpډ҃ܥ*e)J\0p\0[p[gkma\0w/\rt!ՑkGI)_YYDts}5qՑIPGY\'=}dud>2D$\\Kfcs*C7V}AxY\'=}dudjqtGVG\'M}udi:1q<VGI\rL];z8\0!pG@qˇ;bvEIEDA\Zw&.ZӸ#\rL8g\\!7Q1f]vdkp\\ R||T@q\'2f]vej\0np94W\\!7Q1f]vdkp\\ RոTBfBn[|ַ5觔{BhEv}2+PuK&ɦZ,R	rK7탳#[RĤ/;9_K7+PuK&ɦZ,R?Zz-ۀ8ŭ-4sS̫qBԷ68;!OjU4ml??Zz:D(뒆\08ZA4CA-4\0yj:D:1\r:h\rC.2:h\rCKpJ\Z\0[in\"=1\rr\n*rNoVPE\\+͎.\0n\ZZOƣ4C@k#f;B#ƀ4\n:䡯f\r,K~\r?s\ZE{x$aD!\ZF=`ӷOwp	{oG1tG@f6\'VULNr9MjWhr0Ѥq.ZӸ#\rL8e\rL];z8\0!pG@q΢\Zbxڋ0(*zxp\'.gCB#j.()\Zi\"JCBj.EE\'Ci\Z#@aBlΣ,B0*I2NrݽֹP\0vijxT[xT\0d\\!E1T9>OQp85/O GQpE\rPQM<\\ #LXWOVQp8R/O.=ELT<w HDmE5CE4#Qpvknb~-ml??Zz!QB|=MJM/ꮊҟN$^PVyj\Zʪ~-ĶUJhN\0p\0[p[gkma\0w/\rn\0\0h/.^?#;vqiCN60`v7q1t.0map;.0nbuی}l%p/ldM%fvK%\\:gW(JS~H]8\0u\'jg᳃֝c)JeYAI$:I$`DÎv\\=`ӷOwp	{oG1th;#;vqiCN60`v7q1t.0map;.0nbŧ];1L3)4\r(u[,!*zbѷOwp	{oG1th;pawNގ-?b&w\0K\0\n\0\0\01!\"AQTb#0@BSa2PRcq $Crs3D%4t\0\0	?\0A&::BEtu::gGHhl}._GG]tt6A&:=:욙u\n%ekV?	[#侢O%G}kt(	r~n!ى$7$6~gŐu3VN>ՙ]unInx>~KkLS!xcpq::DGOd!vNZ::}It	6Nd/գ::DGN:k+H\0\rdٵA$1.|H]H&vR,	 \0E쵁vm_ɓ~flՎZBC8mu#j8L.\rc<o3:!7\Z;6t*uDW`\0\Zɬ#jHb\\J(.McY)@\0kڿϓ&k٫hO)xp$XGf<qJE#av$\\\ZA-a&xgduBCn#X5vmX;E\\/#ꈮ	bE\0k&\0|k5ב&FՐ\0}bǜ<ڱ@~8\05Oߍdnzyl}*}z?	XGfՎZB<.,\0Y5vmPIK4)ERɬtԋ<`\"9\0{-`qWd߸{5ci/]kڧ)S>h`.ċX;E$쎨H`Mk8ͫhx]Qf$X\0kڠ>i$R.X;EyDs\0\"Z;6ɿq3ZjA-F!\n^!	6ٵOR|HX]vXI7P\r`qV:tthh_ӣ6\Z={#OHhhm::ClMG+,|C|?7!b>ڕsS<N521S+\\C|;seU<F\Z:cGGmN#GS`h=\"=4tv\Z>\r4u6AӄӾbEFΦʆ\ZSoɗ\"e+|1`XO};w^3\Z݉[V/~m̶{[ۚw2@/u n5Py2{P1X\',HʹِXXq	}a$M\rɰ5\'.DVHc\rBwPf5k\r_ᷜlǷ5a=eyl^@k0e|)bS8Q2\"`H34(DuX;\"CTkV#zK.n!$0\'xӾz1\\=ؐme5b\r<g=	}>+dbR\0X_.G[Ou{Xċw,PȲHPܛXqmy2Lo<,\0+	}.cV{ ~j^y;yk|{sVN}W{ƱXq&\\p Ӿe9W#2p+?ua=$::GH]VGG_lm>Mtt:>h ]M>cA[\'-7glQ\'%u%\'<q[G~v$:}\'G_`t}h\"MGIą\0ixbe8,#^#o,8ml?Eo<6ɮ8e{F/y穰wRH|0\n0G=CWG;P1 a{\n7uCWI:\0Q{\Z7u<oW̱XE{+ADmxͿ=M\0Mm][|HN\"VY*ME!9O.[EaqH\"\0ڽU#Eވqi$yacNsk#{+R#@~0M{+Q$LHX\0~(M7+X,sP=\"6LËߞM\\[&l/=CWh7~z7u$,7c\0s\rds8e{XDswT8e{thh_ӣ6\Z={#OHhhmbB#.\0R¦l`~q:\Za1,E4zF\Z:;m\rKtt\Z:GdiՌ\r%dZ5\0k͞89t?+Tr[%ƽչ\0ko;{6Z3lkmn75no;N&jՃ=d5\0kt?+V3?6L͓ko>S6{d\n\\j1Cb-\ZpN4nC2CcXTa:DoXڱ\"!>8/{V~W\'[_dlk^?ma\'U5n~Kd׿?m-of[_F\r-~-X~\\q[_ysl[Ʒ?mn~Mtt:>htuΎ&$:$ʈ8YR\0QD/ʌqhZ\0aÍF3f$:}\'G_`t}h\"M?\"9DA\\؏i{yaQ!Ns-AR4]\rο=M\0}5[.^z}I\"o:6#^H3G=C[I:\\)\0ck/uC[G;!Sk\\N[g\\¥/!:\r50a*Y0ۦĳGBHO	1T؏i{?\"9DA\\؏i{yaQ!Ns-AR4]\rο=M\0}5[.^z}I\"o:6#^H3G=C[I:\\)\0ck/uC[GHhhm::ClMG4iLYܱ7$Su7V*KHxb\0oS\rMGHm4zF\',HDِ\\Xq;m&l`\0߾y{qV/N]̶{[oPbF[E_<bJ j߾bF5Ȧʆ\\ƅEQ\0L85$<ٛ4߉_!3a`vֵ%\"2\"0650fΖ|PXO}7^AkM\Zb\rg%	}6$e{$^~jPɛ;+|RXO}(dh\\llȬ_Մ߿Gd!vNZ::}FY3\Z%0x+ɘIq|ؐ\0\n&jݬ\"an\r3+}naa\'ikFH-6^XKfZp񸺰Eu\'G~v$:q؎ѫ3\"3b:*d,jb+\Zi	)٫f|&kZXGh\Z yFr\0\0X;5%ɖ8آ&VΑ1D\"D\0\0<5i%DAvcIHV8\"lj	%WS\ng`/x:b7>V v!\Z)PpXGh#OINp ^X;5ϼ3Z־Zb;FyC3\0j٭O$1.L]A6؎ѫ;H$dkGHhhm::Cl!$\0\n%px<丌JQMt_7̿&\0&P_MO>wb	07̴ԍD\Z4}/dhl\r=Mtt:>ht1\\%\Zl#\0ĥS8l-u\ZlekE!?V ζ#t}h\"Mhx]Qf$X\0kڠ>i$R.X;EyDs\0\"Z;6ɿq3ZjA-!*5ɵ֘Cj#`L\08M\0@\0\r@cSKHݑי؏\Z)?:FCXGf|7&k^X;Ex!K3A&Z;6TϚ)+\":k	3;#pA\Z#jA.\Z:;m\rKt8~&WIı$u~L+xd/o<ke 8#S8`ʿ?\r4u6AӄӾbEFΦʆ\ZSoɗ\"e+|1`XO};w^3\Z݉[V/~m̶{[ۚ\nʋIw:\0fCs>M62v,4Xd<r\ZLa<dcv\ZXO};^C [\Zbw<r=(\nxVNe$X\\l,E_ՄӿGd!vN\n16\0昌?^Er1s_bk~&5a\0UZCn|حn\'Z5O^\ZVÞ)UrqpYh߈4u%oxX&!yV\0\Z5h\"MGIą\0ixbe8,#^#o,8ml?ՈBѓOp%-M#O?1m?0[<>3r0c[R@ЋunIzNύ7\\<q} .3S8HER4]x\rͿ=MG1T99G,\"9ʁTiG:D{CGSlh*|RW.yI\0؞g)7{\"ԑQ<q\'?SPѸ!p}\0|cݽJ.kfyO1`k3X(#\ZwCuc3dl8ֽn;3gN>j\'ɯ{\\L()\Z^+^9s\0u\Z:5iG#ӏa\ZxG9<sq #k~FX~\\q[_ysl[Ʒ?mn~Mt8D@9N睼\Z9<e:iaFh	}#\"ꨌsB$C06h$NU5.xX*7*#đ&6U;_TIr9|x,gGHh}Ev9PA56#^yXmHAS:\09[ȣ{F/0Tc4x^Cƣ_rmK/?|,\Z8r8hf8<#ؖD?\roĔsx[ \0.MdcE\\1\0jvy\rG˯!:I`wgna$%p\0*lGn\"=).\' o듘RE\0*\0r]&BGKio_3Q%Ēce_䊱cIxqfp8J ]QnS\ZܜL-ё*.tz\' jf\'cC\"qkv`~tˣG4=>YbF&ؚ̂SþlT(X\\ds<L	$\0.I<\rE~v,\0&(XrFц\reΟ6E_\nΜY7CɓQDH5R>8)$DAX#Ʌ8qr8Xnne\Z8\"*r+\'ua=$:,9qf?`I&\rdWƑ\0āu*uP&ùn2[+k6zD\rXC+%c9d\0I+YjE\n*bfa:N0o[$:q؎ѫ3\"3b:h`z(}mɡ6\Zo dO!Q؇1C)xUawxcgv@X$٭ch\n}m\nk#sX,_?E:~⣶\ZL$4Iy6pȁцIw&ia0̱߭ďȏd\n݌kxwW?}n$\0D@a1*>tf3V;DD[Hu#x5; jC%6d`}bL4d#=&\0uy-!J?y*!DQ\"),nQiT+3Q#VBN7AB8	ghOR+)#GIQG\Z	=$gQSgAm8;ET/#ꈮ	$\0\0M,M/E,Bd@P\rb_I|bx9ȏ\0kE\"+ݰƉʶ?gƠn\Zaۜޥ! S7߬V:t:cUI$a.O7?*F3\0)4OŚv^}Hd\r\Zs$\Z\'W*n<5RMHlC)kF?]ta=L8p^HE\r\nOnS2Kݍ\rCŏQ9ۘMmY;e2:^	5\ni\nZ$_\r;d\'#Ua=x<:ߓ|8?.AQgf6\0SEs!o/7}=)u<ZZ<Ez~䇂h:!^6!\0h6F\"\n@9s>._ kb]O<ߨyTLHs}GŎ4ESKDb̦\0&PIccP}y]oxt1s+ydYyMJ-m5Dڛ\Z(y̲\\|m&:V\'|Sgv<E\\ohF>*eCTᢕP-\0\'$5Cos[q s\0b#F+kd}J-b|,P˞a8\\\0>*1gP̎:l|s( 0͂uϋxl8}M&:^U/VaQUӹiIoilkQ2XG^@Ájulћ$ּ!$\0<WĒR\"ѧ.<E$Þ7A-W(;\nHn1#_-qA2KH\0TQ`Dھru<#ZG~ck_+y< I}rp|o,*`C}ho~|r/\"bY\0/P`5W+Wh	OxjBBq@\"ZUx^w D&xpc\0$y> !|Ͼ|@ʱܴ-(X򟬟X;	6eWt`qn\0q	$ϊ1uǑ\\d\'ޣr1\'> ]pP?䗸xdIGqq1r?\\d\rxI<0~k~k~k~k~kfT	B͊ʄƟó|h\0b4pp?T>h&O~A(PB\n<xA>5t(v?a8\'c\Z`<,*~|#\naL)0S\na8W#<\\dO\"#ؘh7o?XŊ=? [?dnksݒ%vK[얷?\r-n~Z7dë.\nk\Z#GfLDG1\r\ZaYS^)0c/\ZFa$\0bIVqJ.\"glcFi1rc$>K14n<L8bRǐw)\n0z8γQW	\ZVj?sJ>FckŞF\0 aHT>(>{#5+{p@R3\0#YR+n<Ĭ1SegHDb<ψ[Ƀg۩@[Iv_YFRQsm_Ԁ{3@M\r/\Z3I&^RFxX< oupP\\E`g]fo<9j\Z +mox9Qǩ>\ZfQG|lDʄ.?`Fs|L2Qs~d56rۗ[pVs	߾G yhi\0&IlEޚ\"+.<Rq%8a[xd\\ǞWϽDq3^8p<Sylp~/|UM[)2}\\o-H}WOPpF5Ƹïx[8\'5\n@ڔh]yaP\Z>GY.\\22/kǁ\0$\'\",P SykQ59YfYT%O0a2 JNbIhXϕ!\06}\0\0\0xh4EˈD֪{IL)*l7L_|\\YXPS/1	Cs;lg4<	K`9X\'ſb&[)⏴!F\r#(\'	Nzy&^9-8x@Zz~4o󁤺f*&K\"f$K),5#rx1z4Pp*eRhb;FLy,dOZ!SiZ|	<LB$͇x8_89XR|d&S5`V%f5vǵBȳ<B x(ذ\Z?yayIse1-\"(\0<eQ$P3)>H/$#l\Z\0~!g0IL\npG cnAFN]J2/)lY~jIZHOiqI?H1Q:i?s\ZUA$`\0?\0u}J9OtP\",ċ\0\0M`g͓2x6e,GK/\0nQS(듑>+i\'(qaK_ňO\"D6|O߃Vc|uR\nfO\ZP.yf?cE^l\ZrݷൄǛ\Zo\'\0 ?˪	 ;6t\r	h1Ϭ}X\r#QwJ_?Wp2@>V\nrݎnN6>Wn9CL\'حn&O>qdPȜҝ;>ySf$rIOPAΜ\'2,6u6T7&/~>+ň4Su*7|wMD?̉u\n@ƁQF\0M\"bn@fNA!Y&Ly3K<ZGmd&\\K(\rZb2,rF6d\"V/~{ߣIt hIQB\rd9Όi)lDE(<,?;nhⶴO9\0-Ɓ$jy&\"8aAƑ(8#[D*i$< ([E>Ilc 8\rL+fwo&y\ZP\ZU\ZWHh}G0u1!`\056nxc$2=E ͘t::MfIةjVԓ\\#E,u\08IDWɇCĺ1+$jy {\0/ Qǉ?t`Ŀ4HZY/&jlkm\n܉c\\*~)(C6 8##^e@Ă*l?#^\"=)n)VZnμ7S Ԙnsd\"9#_#E\Z٘\n#k2S-הD=VY\'*OMѐ5ζ#5A:en@b0w8yKgAHR$EPh;_dlk^?ma\'U5n~}xG 	n!sL4}ck<ۘs\ZSL=do`3,1zIR\'˻~QC)soƐs\ZneapA\"sMfGa7@,d\\FO.{dkX<\096N-c[CvA&:i _#ΧoW\nLADY7si|@M\Z4R+\"dmD\ZI0Ο7_\"\0yO2\0(\0uΎ&n\"rMjlG<(9uP\Z.\\_C9nt5 bGb$d7Y#b+1zdKktS~:Ⓣ\'|٠?RbĳM%71}H<dw<g8E6RsRFl %q܂9?$IJH\0\\T؏i{?:D{CGSlh4%dQ%Yj<D#[$\'HuMn#c㱰42Ǝ\'\rcqG0#QD\0et]MG4=>YbF&ؚ̂Soy3gKPXpX\'̯ H&kb~wPP*ysnj7OI\\@ɸD=,V?1UȾXD_	ѿun}>Hzd\nheȬLe>+ů[|֐E\04t8aaONDk5ơTgnmH`bHՋ\'6wVIQ\rB#,PƹPXq;	~A&::BEUqp_O1)\"1WR,T`x>lu>rv *d>eǊ4tu::gGHhb;F\\̊H`M 0vkPG,V`\rv#jBX$8/fxk_-cPi&RY@?>M<|3I|iS\"l|At\0*\0-CyM/o&kZXGh\Z yFr\0\0X;5%ɖ8آ&V;5aaygv@Y$٭ch\rMBv\0~\\i1츕E0i\"yhܞyύBpp=+)١`+N#GS`hl}._GG]H\Z7e</lTmiHg%5Uܪ~%6ji`  %4E**\"\0Etu::gGHhA-byTEpY\0;6$%ϚI:jEA0b\08ͫ|2oLֽ횱vQBg\0MvmO\Zf$`!:LDna*]so5RH|LJU#\n|I&d8AyN8b-&Y)@\0kڿϓ&k٫hO)xp$XGf<qJE#av$\\\ZA-a&xgduBCn#X5vmX;E#\Z:cGGmN#GS`RO\n*qQ%A$2\"`¾b͸	0\'TEfc`\"Y\'sGbnO)>1liƵT\\gl:;m\rKtt\Z:Gdi{X|C\"#gSeCrl\rbˑ2RP\'/Zăk-?uxm6[=XO};^C [\Zbw<r=(\nxVNjŢR8\"|Wn\\²FXT1cq;ԟ5/}qVV.y4pڵn9$)Xx!^$c\Z`,I}gRYT]ٝKTeșJ)xXVN]ƭpbAՋ6|-\'̯!-H[b~T;Lo<A+	}b2,rF6d\"V/~{ߣItu\'G~v$5doqW@[\\8$kM#NvPO]lyNd/գ::DGL8e{9\0\0/wS|%qX9G$FIXq|idxm]eqTz\"^qoSa`9az}Kv2bA6n,2YT.\0gm{AKZ_V\nX\0Ts	\'S\0\0_/cSa2K( s8e{2H/\0穰wWɼ&P=\Z.DߞMI#\r*sY#^e@Ă*l?#^\"=4tv\Z>\r4u6AV0Ai0!#`\0&5xp@\0\Z:D{CGSlh4}/dhl\r=t?+V3?6L͓ko>S6{dR|#?l\ZsVo\r\0s6kt?+T%ŵչ\0k˞89t?+V?|͓{XoX\02[6N5s[`m\rpA6p\0ao涴qΧL1Ԉ98I\ZC/\r`Ă[=d5\0kt?+V3?6L͓ko>S6{dR|#?l\ZsVo\r\0s6kt?+T%ŵչ\0k˞89t?+V?|͓{XoݣItu\'G~v$:}\'G_`&\0ӜN}+{\nb^=8OIt	6Nd/գ::DGL8e(Dsʂ6SlB\n)=C[h1p/~z/uq|\rj\\n,#o@E,8ulGԑ1[+H	cf7 z}I0uR\06#^}Ev9PA56#^yXmHAS:pwҪ\".\\Sqxs_䓀\0V(7*\0Q:./#p \\JW?Q\0 ؏i{#xbV8nAna$%p\0*lGn\"rMjlG<(9uP\Z.\\_{K\\_>l/=C[$p7~z/u$oVX#-RL$D~1M-ߣG4u6ƎCG!F#\ZzD{CGSlh4\"ap~->F.xa\'O)p[B.c\'\\yixdhl\r=G4u6ƎCG!F#\Zp,#IgcfAplMb<(,8TV~MWFZk5ƱXq;o9w2nj{MBlI_~wT;f)*8V~e\Z8\"*r+\'ua=>YbF&ؚ̂Soy3gKPXpX\'̯ H&kb~wWr~e\0Մ߾ќ,r({1$\\¦\0!\0FDO,,:9qr:bAf/\'սR$	\rg%	}6$e{$^~jPɛ;+|RXO}(dh\\llȬ_Մ߾e\ZH;2bk\'uMa͝,Aa bo22/u Y5^y˽{KsV~mH`bHՋ\'6wVIQ\rB#,PƹPXq;	~A&::BEtu::gGHhl}._GG]\rМY0g\nK}ⰦѱRKmc,3dZsc[p)?Y4pDQBt}h\"MItu\'G~v$:q؎ѫ3\"3b:*d,jb+\Zi	)٫f|&kZXGh\Z yFr\0\0X;5%ɖ8آ&V;5aaygv@Y$٭cV.gEtg$0&uX;5#TɖX+V;5H!,SVk|<Lֵ؎Ѫ5A1P\0ڰ0vkSK,qEPMv#jB$(̀$\\Nk\00aXI\r$_8<O9D9~X|aDfpZPvkPG,V`\rv#jBX$8/fxk_-cTk<b\0k``֧&Xb.XGhՅxQf$\\NkfvX7ќA\r``֠)S&YcP.XGh#OINp ^X;5ϼ3Z־Zb;FyC3\0j٭O$1.L]A6؎ѫ;H$dkGHhhm::ClMG4hh_ӣ6\Z={#JF0U Ʒ<A!9+u[2XkZ3ΏHy[\"y\07_8C\0&8M+Dd\"\0*Ԫ,\Z:;m\rKtt\Z:Gdi\rMGHm4zGz	6Nd/գ::DGOd!vNZ::}It	6Nrxp8kJ-\ZK\r0ed5ant\0bV\nu&Z\'\nb_bcn6)xâ{(!X.xպ2\0!12s{Q$cT/$:}\'G_`t}h\"MItu\'G~v$?$::GH]VGG_lm>Mtt:>htuΎ&$::GH]V@GFlW=uNN\'G~v$:}\'G_`t}h\"MItu\'G~v$:\0E\0\n\0\0\0 !\"01Q@ARq#2aBcrSb34s$5PCT\0?\0U5ԔN{<Old^ g[~ѓdj\0ѯz_wZ\0eg]kW(J>Eqn@9ݠbnOpVWPAm:JEp+*IX3%po:枮=\n<aR2m}X#2OwHѝ*y\'Bw*;z=I$INz\nRnS(sUpQeC!}={휘ٌ}z#++0.LD	8,MuBdOlpc,u(:l)MT<C=&*\ZYW,*\'Qt[ֻ\"p<t<Ȣps#Q:=jgSNFvlZFlg!ǟHVdee$2G.Z{T\"{DM%Ҩ䢨IScDQ^:}bP<[pE	$y]vǥ5}ZC;z]D!Qީzm]봠\0Ǡ[ޫMCt^;2$6̃\0wAf7\0/\'\ncH9(ѨpǱp8Sx+UQT0Y5:vf~ncffiK~z5g\Z{)g\Z\"U\0=CDm8Z/APc7:ѹ*\ZGUÀ70槎\nYM\0$NFY7 䣇EUgeU ̜(iV(WG\'B֣\0NRè~ynf(jv9?Xtb6bx\r+Nի#g+){^UuHN~㼶jfK{ǣbWAQ/[8_?,d驦)SutzZxn\ZTPv:=l)},cKṇN՘I٘]:\n`}ݶ:G}J|}/禎:HV;L0\0$Y9ncww)꫌t#nsR/\0Ƣ0|ZlV+|WȔiID7&z,}i[\0aڌ4&[qlTz_ͿjkL}r7xQtw6FrN4!IbW^L/עR+2&c]Jy<\ZX4\0vQX-;2lc*h R)cw]gɞN`U@P.\0n1=I>]*HCF2˪/7\nYYMGx	DLy57w\rC{SC#(eWRA\0 }qՆ.ϛuJJڟ?hKq<8qz|DNץhOU2!܇9g\nv\'ZA][EE<ПpI)gI\0{0T(Cz<t+jVY\Z2x	,K1y;^7ZT#uc4BrOr(dHS[@q8ZQ%@C/wŹ\0O\'#)}^\r^\r#>+\\o\'BڴE\\c<{MuK1^Â{/:5e[:Ʋ$m=FV*{LB m[NWRI GX#\n~HTGTE{ÿ߳Bߜs7h[sU1Dxyf͟~zѪ?S<b;v-Շa⹛zۃ3hHG	\0q	u)>,954~v# GYw6U4Ixm\nsURuPYt~G\ZO}8TNOsz1z|Nm{6\\\\IP]!O[q\'nի(ؗlw/KZI]z.EOH׻}j2xp\ZEQXb:B<Fi=jK{kns5ա_-,\\4<S8hյ1]9#S`GpX\r5!(^@	Bsl]\rUQ$Ig뢻\"QwQlKrUe=LQ!2-\ZoT 6oOw@AF8(Cym3éWuOTO+.P\0pdju*{-PpR(-v5La|:p]N_ƞ1 kSǆȓ9fҞJW5gjdJw_|T%wzϐ2xj;y奙&u#du*w2O-*=jxz\rXTrbSGgE,f\n1+\r+nR$/YYuƆ1>H>ҵ zdR6-=GU2VҩvU^,@Xb5xh*+;A$\n궭c}RJ7vnzNn.4 7V*;q~`|<nE_Ǉ=hӎ%\n2jS\rQnnaO\rېl\\d8Ֆ!?VF2ҧ7c?-|2T(ҵj}jgeNB.éRv9Fx0GdV>ekNHz<	գhz:3U\"ve[WXҴ#\'P:Q6\\qiAc_^̏5g/݃$GO\0>.|5\r&Q7\n0:hZhnˡ?tlJAia/<wG\0yhۓgmE\n翲&YjTۤu>nvʳi{$ak6UV!v=<S$1-߰pT됍~ZĢ9Cw$or)WSqXզ7|y3O4f;[*bo?cK!~̿0wV	͏?{\rՇbPja+~4-I+Rve=Zf꟔Mw@2k%N_#nU).rC\n}UI+,o[\"/[nEdGF\'j${ O2Ǧ|6*?~c>EMK4meʳ\0ZX~	MyŸojr+R@5HՅ.rΌu2}8QD@lC\ZCX>[l5\r<9[O2G|vd+-=\'\'VǧO^lt[&h8g~zg~zTKA:S\\l8[	sk\'č)rlA/ץosˡaGU5Cc7.\\0apD ѳQ\0-+w?z0ſ?񏟧.>=tlʳ$VY;NZ֭*N3\rtG\'Ӡ9xx^9[\'B.E;/륌]OOjBߤ8b]Su_!ӌbwtTl=^\'zO0x?a<0,jF>庢~rcsmTO|0͗X4^Y:3zqoKQ.]e\">z5&[S8¤]QP9H\0=6+`mZ.\Z3TOa<UQ$mHaObMVl{v(tmCgV#V5Aߠ¸d\\*N!qQ\n\nD;o+$lE{\rF<ZᯠbyU@ѷ&͟P\\_9ajF}>zi%&e#ԦPK:9-b\n5d\'QH#e;Ţ4Ivh0\n\\pt1Toj-y\'ɢ{Rrn酶ZU\0i\"Q)\nȃ GlEjSoHVt<>:8\0#mW&̦>lpп՟&vķv2CsSNPtEEqPGdʮUF$ɠtauE3#$˳{A8iZ]Oو?!jI*N	좏!2?&qUq:U撮xz{l#LF[W]q\Z;\n	>3fcŉ\'c\\#N}T*ݙTÛ5h/ d?=,bbQ?qwLB]8(4*hfl ڷVjg+Tk[	f@77,R(+U`o4g*!\'.\'H.n9Sl@\\j	2(a]kڍ5Mt,b5AskuGJzQii\Z\0\0wi[3	:}-/ٌMDy珱#/bIQNOxti\rː;VUT\08YVxj3sҨiV[fv,I$N㺞NԀ~mvG&ꆣjJ]QIS@7?!蒖xwH/V\0:J쪪KpY8Y6@i3u\'5X\\ŏ7fl>\'ӌSO/j2\0;\Zhbǰ\Z6BߩN@\"4iD X\n KXV^M4SL<g/Ȯi}^C\n.^.^-űS5vc_;x4G؍Wzq,HI6UXL.ÆLiBI$ㅉzЈ0\\j`,o4p0ӁFOwt1g)cHyе\"YKǰR<k)bqa90=8>nb\\b09˻$y7L=WZu;1kowvYuFo@AMYb<Q/fgjw;_	:@<[_΃ըX@[;JԊ\0.f)8TT6Tw.Q{!>bI<WES1_ѷ!Z2\0q݂TSqyZ+RO58@aQ1irPA5u\rgu[VTLԣ<M$򼲵pk+um.\r^&-c	|o_qY,`xͯG!)D7]yO}R@ΙտPG1r眍HG{n5PN<ȳ=zC$!ǖ\n@\0Hk!h[Q®J98:U@\0Fև?gԨ\Zr׽z_谠\Z%nj&M3pD-催3\Z\0v8Rӥ,B]z΅F*)s=:׬n(3ւ7TJ_4F*a4~Ñ὎6H_y(:(5UB	t\"0ux\rxb>v#TK6G\n\r5Lչ2)昍r=ùtZLS][̤27:U`!f\0$jX(L1z,&rHOե1dVj0|FIOZ:v>z\r?icH0U Nܕe!E[-3v} oկKR$̾z*kԋN[w.âȎ/V4KqF+忊YapH݅>1UF\0%s\'ؒ3ݖG[l9n8M5ALspªԭI6JvPRZa$1<#{z=㐽Y\r6n\'T/GOk/1\0̿#$\0/\'\n:qKK=jͱM42/t_.>ZXS\'9	\Zv-7WFHًlF+&\raKḩ,dh([NQHژ~QwT#Q	ط=S<@u+RXpvCdեGNja}\nUE\ZMu * zi]hjM%T3u+m~0\rд߷vJ~#)%S\rmÎ/ը\'kVQ^^@pشm@Xϱtfʊ\0\nO8]H8T@nPJH @Po/`9oS~-h1F8zMߧw+ոwY\r\\kVi6_ILuBh<Y(4*\0ߺ#ՁsBj^COM}^j/A=z`{XǘEԂGq!?3\'Ļv&ҡIH[aEI:BZc9#IcxAVB3yC6:MfYWH5Z(hQ8OҼRΧ_G,-\\밧٩GwG,ԯfAC쎥]MdfĒ S!@\0\0\0-K)+.;u\Zhr8:<N\"u7ze=s{\0u$TE\n.\0tJˊ/ԓ\0CE<ԲB?6]93T\"**\nWGlyGwa_dВg!qG84.YA-U\'U{Fm1?g*hh&xJn*{H\0O\00j.y|pLcu\0eWYCx¦*c6/~o\"Q7	i*\0VESxU܈~\0!-Ro>-F8RQcqo?9ᅩ׃\n/}p\0Lto\0I\0\0\0\0!0 \"1AQq#2@RarBCSbTs$35Pcd4t\0?\0*+U@w_O,tF#XƱ!e-tctg-Klu]\0衧\0]mr?\ZKs\r\nخ8\"4rݎ+0ޔHuq\nVppū\\taKmWxír\0\0\02\rm⚕T\'a;wM8Ec^G$.#ȫy8gv9*̝,B8ge#n\n@\ronVzsʻtkm\ry(݇mꫝBMg1Tv-JKDC\ZϘ;:$ѺF2#Kj`t\nZv;Zn\"FJ6!AKlX)!N{O<2I[A;XW־sl]jҞwE:[d\\mfc|nEޙֿ7*xZG9`kIX8u*x>1I\0\r0ݐZiqG;p蒣\"F2;+\nM<MOyp~ѝ<\\m &y\rҎJivgatZyVHث2[dNoEIb8b@ơUGPwljB:~$Xn.4D<Ծ<f4VUPxsx)j<1g}}H@τ\00ARAr#|ꈥ\nY:Z-keO\\VPʢl#1m}8N2t^pyHv:^/qJիrH:~;m5Y\"?\0o67iPx1H$M##v9\'MU=$C#K-;\Z\0YW*v7<nt53GFHe$z\0XQ\' ;Io}=7ZCF*{\0^:[<Q9vm((e9{Ar񅻊׭R.QԌϩOyr&u:`y,4#S0wtUZ\'7	l_m\050CI?>m5E{ܬQO]LO #r-ro\Z{CFKNFh[ZOav72ܣԺNON-J}3f}wX&V*\\Q\rּ܏d>.Vl$<Ii\"aatIS=<TNT\0@2tъ\n\nZa`7v\0,h	YH|qJ(d[_Cj:|Hgmt\ZA<1 %OIc|^.KY?1_\rRl{iqDxW]Ci\\}y\n^.xrS/	g!=\'MUSG wZwJQeR191,|v̠lzvoB?<opn0M&5]Ydq\Z.ӾⅤ/I@yzBz;gcbs$04ی=7PtƐpw8fdX\Z\r\n:0~p##Ձv]3QTSLR2|.ImP,`N\'r2H#h#\'d:{;4mԁ	6/8LLlAT\r\'<`dyVjN;t{+;4FgHznTNXd\">KQSTLR+wt\Z9a\'8 }L6* yrxثX[(^]OLǱFtUTUD*vt5\'l}V	׭#dQ\\婓n[}&=L9sIͪ#_H2c_\rX1\0Pa:YkHe1ϳN/\Zte::NjgL\'aD;0#dL-trp}7hyYÚ?M\'~Ү1Jc	xfC΍׽NzE*ORH׹zb:N7g@3d^{o麱]\r9I<%z++e`#h vTMA\"i}GAe0d\\aZ{s.\'mP1/R_?8~}8.$S(~Ϸl/>)Wl)9,v:0FDi]Lh*e#ah_g=Gt2)HGm$*Fk1\r6ԯdd{-jAYu9_FrUlO~\0	Ԫ\'d^c*N擁x>l;}lԝO9~Crۨtܛ:p:Gp\ZaknOm_wxҟE0a|epfnn\\8P\"WĮtS7pt[wf.6QM}w|.巁f#: ?WqNq.;[g㶺)͚0^iҲVRTӞcd̬2 F-_p,qn&R9)NADdT;K{M@\"[t֫~+z	7Trm_siYEUA1o_Œrs}]I=wECFGI0O4\'7d?p6Js]rn*V\"yI$ydyŘ5ztïs)W*@B9Oiϕ]AKqSe?Oh:^ly_\0˔\r{/UDc;aHxz屜?xm{u9mH#-iYAJ)\\ZGߴ}F沎\ni)Z7{Gitj]U\\)*sؒ\rod?M5RO.[$|T4FzxGL*|--7l<-jjڣuډ@П_Ђ AX*墊BseN\rfE>`V?5۩$Xy䨥mҢfiʑ{(+hU-6ALk}-dkUtyX8IYe_~úpgoʍ߿Ey\r8]<߾k-a r?NVquSo\rځnVb9384`Ta\"98R`RvLn[B[}<bUm8ʞ-CFCa!jqI>;ui\'4TӎWNzsW\rIU2`hI\"/3%c_yrl|~G|]}h{bΧp+<4fo<ɅA^iNG;/M[L9\07Wٸ{(Noۓ)u#Q\ZӾZZv6OѕdTGrp|-SS:ﺼ\'v/ćs\n&M!\0QSJ[PUB[.zdFǠm:HY$>Nh-3HAGMo5~~qƍǿ0wX5/㵕eL:Kp\0şēɬcO=t_뮮§g>.%E;ԽI̧NDQea4ֱmr|>ڼ	 \r) ԴD\rZ)898&M[T~9?\\ϥg閖uմ_USv5ƞ6gnF6[˙1Ms<\"PDFƝocXu8ԽӏM$_ƣVNABE}u9>~lxeX\'F)gE/6*ږb9xp\\%Ob[oj00Խ[l0uvc8էvF$%\r(=%aݰreI$RtŐp7\rH>ֺN3}Xy>q_ys[Rmnʘnu/SFݑHF/H(56Up_}1YTKD\\4)ST\'ij8Oy>C\0\'t?PTe#y9!OQ^)Br%:F!}{JWV}3p[<8l:ǷMcۦX{wU)Wg&\0X\0$yXOILq\0á\09O\0s\0w	zK|yXA5QB)-1e{^CÁO6=p\0uOfMS٦#ٺJ5S_z7\r_+CY[7RB9gSArxp3e-{R3\'\'mH&EnL9Ӎ:q2N7U&_ISTTe9ʃ=gusDtA	E?NF8%hj-`cY</e6igS(;\"D	|UISaG즗O&ֺ;rCu\nALdt:TGG\"BnfK|y1FIhUIv(  ӥeCU7L3N~%\'{zi\"3y$WUM562n1:Z[^m=HQ3ƙAPK/bZ0u9J.-z߷ݦ)vT/q򾜋,90sjZcI{\'S^IF\0AcW_m,\re |95T\ni)44XkR1t2A6e=fuw7I%VȷtP$h1=\\n%cl4NzېQH#He\"+AO1~g)@cֽH=Lͭc^\Z?#\\\":z@FRT᪎3e99\0qVGdAcmp4[n3NP|i_Zϗ;;<Y;NcJBzG4凌!I\\QK7rVi*Gg=sx;KF\'c\0\rKɿgG]0oeb8+̏bG\r_\'\rq;#Hx\'}q[D>vʰAi?᪪dve5.ԍRGu \0Q:ZEKS9ýU=))oO&(ib|`DX#_%(73A43|~&Ӂtb9l,q+\\5dsd]ʨij*dbBv:M4K471N\Z7! }wWxEï5|j^\n@}\')7U0-M<7D2ѣwF2M%Lu0TDrx0Ғ*h*b<0vv1[n켬KDt*ľue쓏<ix(fsdowxD~!wL(9OS{W;V)d۫c4yjfi[ZIyX^٩4ߛGE1oeM(&$(CGXc6ԼrDf#w&˺FQA,`\0i/-v)D}gGLT,\"ƈ2UTvkVB[9}8bn\ZEځV]h,{Ch,8mmY\0D|\\i**i#p;yN<8TQ19\04X܉%iT=B>ܼEWTÛN=ٻp׺AQOEY0ej#v(9j~n\'RK=\ZH+~}餲$1I+w(s[լ4Me9IK^3R+\0t9G6g4hF@v.oyG9O@%65RM_t}7uqʩ\0+s.5X~wxƭ¥9)gmCLk+)L*t\nQ ;\0U[4M1Xi\n!TGEd\Z?m&5Tr߮@nW*jr9I.ӻmgH_.2\rGPHN@?7tI4`Uh:](^]QJڧh>K\\r9FO~hczzJ@vF۽aKOPѩ*uU^҄qz9+yԋTpVs;f9nBVV\" M0q,j\00wmb+_Ãi8[G:y	x/5|v[89W7V;IL\'}zP(mфUr3st\'[n\\.{dex4H#E\nTvnFs#H1<b\0\'4gݴ}]YC+cګin:(,@̓\ZQS\n::ja}m:]pr+74nvnGX:SSCGO<	c >t-mD$\Z1EJJZjYDˤw#Wɳ겖)VUl;](b<_~v/T\"s#گR]u-պڞTc$ʄAjQh;;fc$I[6ʄ#^Ku$U06^auv6sFz;6bI>õ\\RDw>Vhk+\\s\'u|f2m?SjʺjuENΎPҳl0ET\ZWVK_W=L#g`F\Z;v59/sŵ\\^\"Ν1Ӕ	r#h:PU\n*ZՏyFy\"4gn4<7w,5F\"f7LgX`EL&}m<fFVS0t\n\ZZ>_sJZPvCf\0຾\Z-1;`gw\":V2\0ID^Kttnp<9SHc*T{۝-HI۹UeN{$F*+vH*{FBVcҮSL\rOq:y)F#L29K5ݓ2|߷+K$GI}!Vx$}xeT9:0e=Jh*ɕǼo秂3tfԳ<|v	z#{9q=̿HNUOmJ\\1W\"?n! u\r:tmzCnV\nlfcji(\0npeo\rA-+t*ʱ33Ko^Y!A,r\0fN:p=9+Q}78nݩٛ(O|ueD<y`~ܼS]ĭ3*/q򾛻%e4{k,Nl#%lyr|?/W񻙁8醧;[w.\r\\Nyd6X`v(ə8F}jۨjj\'4v#%I\'wSMќ74?&T\rzǸք\\m4߉4=6YQ%ܮT`/O/\Z\\u傁d~2_h\rd[nͱu`L?z]b\0\r0՜̹T͑KʬzO2$,}}ߥMDUO)rIQ\rDG\'/J*`$P{GYUՑ2!Kb-EY{\'Dw}SHzL떖\\1OlewTA;O/+tmry\08)+s%:z{]z:sGǠi<T,ҶŘ9)Db2F{]h\"e^{.vRDNH?\'_pUpl_Wc{9;ėqk+eS0+j<%y|b$ĝΪj!ZV86:].+ef{}Zy\'+\"0eaFkWz5rK*z-Stж?xm795Q:{4*Z7>Xe3z6aR<Qjà渊05n6YII>q`ZdC,SĒ xf:; O[i,#+lǤ:_-j풙>/(iY{߱Dt!騘ISұ\0s<H坎lI>ynUSI)ڬ;ψ&b\Zǧ={駆&yV8ץ4bjkECK< ARMDC7:kR+C$(,$狨(fnѲ1tɯS1oE^\0bGx<náF8KAoҗgN$oX_GI$!`8Kr9b+1Ȋ*?)\r+\0v^{yZXH~+6',1),(3,'Irma','Menendez','2008-02-18',2,'PNG\r\n\Z\n\0\0\0\rIHDR\0\0\0\0\0\0\0\0\0æ$\0\0\0gAMA\0\0a\0\0\0sRGB\0\0\0\0(tEXtsvg:base-uri\0file:///tmp/magick-yVcYGtyY]\n\0\0\0%tEXtdate:modify\02017-02-18T00:53:39+00:00o޿\0\0\0%tEXtdate:create\02017-02-18T00:53:39+00:00f\0\0\0	pHYs\0\0\0H\0\0\0H\0Fk>\0\0\0PLTEGpL^)\0\0\0\Z\0\0\0l,#^(\r\0\0\0\0\0\0\0\0\0\0\0\0\0\0\0\0\0\0\0\0\0\0\0\0\0\0\0\0\0\0^#6%>&^)^)^)\Z#^)##^(\Z\"\"\"n	\0\0\0\Z#^)PC\0\0\0\'tRNS\0Je3y;^3TpΆήgzXy	9f\0\0_IDATxi{0FqŶ굵e%!	`ޢd2\0\0\0\0\0\0\0\0\0\0\0\0\0\0\0\0\0\0\0\0\0\0\0\0\0\0\0\0\0\0\0\0\0\0\0\0\0\0\0\0\0\0\0\0\0\0\0\0\0\0\0\0\0\0\0\0\0\0\0\0\0\0\0\0\0\0\0\0\0\0\0\0\0\0\0\0\0\0\0\0\0\0\0\0\0\0\0\0\0\0\0\0\0\0\0\0\0\0\0\0\0\0\0\0\0\0\0\0\0\0\0\0\0\0\0\0\0\0\0\0\0\0\0\0\0\0\0\0\0\0\0\0\0\0\0\0\0\0\0\0\0\0\0\0\0\0\0\0\0\0\0\0\0\0\0\0\0\0\0\0\0\0\0\0\0\0\0\0\0\0\0\0\0\0\0\0\0\0\0\0\0\0\0\0\0\0\0\0\0\0H#qt:Ew\'1	\n/ub<Q#\0\nKFDcދX3ܓ\0Nq\0\\߲t.џw\0Swloxx3!`2XS$&^ >6d76y\Z?z5* -#\'~GH<<	fߐ\rl&\0Q\rVT͌h$@c30{WIzqCCI_3,B׋ǀq;nٹ:-nyLkPg~M)@ȿ|lH\0m&9@tC/!nHHwI``.ՀWEZ+)73\n-3R<A:7^ع0t{͎	w^$)-\\E_+i/ \n\\n({Yy~gZ߻{\0gfFξa<\\i3[)sbQN^&5ΓX*ד7)\0oxpZjs`] \\QvO V<bV/8ģJ 57c<f. hL8{Ccp ċ[1+`3bx\0\"3VT)m%X|L x~̓<dH.\nDe#[>	w\"Iv/ Fm\0<@Mϕsif2ϗ22%H`%b6	4H߰J`!܆P-lr1qdOVv/P g<=\0%d1+\r<R_t[\0C}i|tiQ@ 挄\0Mi=@v\\iK[ɬ`LS{x\0K\rAU	W\0YW*5i*7s1w$(5Stej3\0K[sbr۵b;Q5vv{=U$PQwGfǷ*.wwӎӊv/:r3D輽ogѵ?LV5x^>B\nM<2,3 ^dIDr\nIIM#\nmUi$4>r1vR-=y*;64/o	) )t_,}xa_#\0U\00ןI?{]t1C;NItCy\ro?kbma\nx1 \Z#X_ةrGzş԰Yzҁn&/\r\'M+7:lmu!wꡌz*/Qu,^R@-T9@{\n^Sϛ2\0Fx6L-ƆdDהh[`WM}i=d-9go̟I%{\0еq\0f\0r&A	r\"?.zX5&TVJ=iWsNIqcyis}A,LetjBPjpW	-\0<2TOXDq\'@Y1;ueG([\n!e`dw\0 `.+ODOP6h4}_{f\\^\0\rt8t\0H?I_>tCOMyp|\0a1(3$o\0tKIwW438f4&d9t%s\0SzOJbC5̸^$\r,Khr\0w**\'m$o	@moǩh38W\"ifLBpT@\ZyC@<nJpR?\'b0d4Q \n$U?J:8W!)@O<iNx/{L)~Vo/Bp\'d\'Ե3\n@	s+@vB\0K7rqw2B+a@}cԺq.t)wpз1U]O\0)HQDM\0{$s\0u\'E$5x\0~N_y<-IhEۻHډDeg{r#,hB8DD1ph\Z\0?IKġLôNs1}6{(bWEtji$\n[ʗ\'\0}LO׉h,uv>b<t5Q>s\n@W12\\\0,e[U\n/(ɑ>,K	}X\0\0O߇c{\0:9\rKЅn?):[0 \\<D\0A\r!r@}M|:\0ܯid*\03>gx?2 7>=)w\0F P<d|/	L U@E\0c`C,/\"4%j@cLV~Î^>Ba&ʖ<FS3\nwx}D$\0Kn%Jʝ@Cdɶ ZaD9E+/	m_\r܇\nb2ͽcɥG7;{ſω=O-\rY2W끜z {ц\0¶P\01//?T?|k k!	uԔu^lߒ[|U9yf/weͱbl,YR$4w[{juqk?jGɦ\"HykG?_F\0ʆ\"m{n0 ߖd#I@ˎ>ZԡV#:;\0B\0\nMToN\ZmWss7q\np$$Ph\\l>F;2ԷǝzB\0{бquF_o7#K?>hD=*\09\0\'KQ)bh/bq&=@UZdvbԢ#OcuZ2SP}j04gk?1~<IT+Ix\'`c\Z$SZ}ߞ%sN-+ԬN<5\0z׋ل1o)$E=̗x@{T\'|\'8io￝\Zg6͓\\m`np`\0}۠]\\U.!Kev\0Qxt2_4΅b5&`xUjv޷\0\0^p:s;{;B\0x\"l6G*1D2%S6s\rW\"y,\0ꝞczHĸ]>.b\'KCSg;\ZP2$J\n+ϛ5q,|c:]gl0[;veJdH$V6^\'GPS{tQ.X\ns꓊I\"eJ5`NeZ1Ӵin/uVv<\0ST\">0\r[ZlBTQR>96\\;\rq{qS6_O]\r95ܒo~|WJslpCA>O:i\'s{]1}ܒx7Nؒ6[s髻bce1mlahmU\n\\WkJAj/o1]dj-Sʿ /?uc}	ת}c$F:V^%?pvlhjȕ|My7\"տ%aҨqopvMX\'C \rKƣXxbv&1M既hf+oOkcrOo^{\'Uw		6ʘZN۫3yQdpm\Z0Wl?kbnEh	+7Qj>tRgA0{Tz&y⼘:͒$MD^\Z%ӒNOo㵲Ht67_t5YxϪ.zcWU\00o]Vy&H˲|_ldo~i\'R(͍Q^&mcmC\nLBM˵ewQ8%ۂ2Ϲz^Gec]///:|<շy(<+|/r= /j?j|)ʻ~>ίm\nVĎÀ0=i«ퟕaȥoL;տQ#9<mN=Pg%\0\\gYa^W\0qNƊoTSCQl\\#veTqiVf>w\'P\0ߕTf,|/ՓA>Th:Y.FnK\0`S:XfD\0sW-?)V^6WhAlv:\\F?\"~MxOOw6 Qv@}[%(rLl?8ߎ?=t\0U{>|y(lUۮKOI@f8V0ouvfՓ7;r)#,W^_yv~slQ_o+-D\ZRM,ʾ7(,\0<\rxٖཛOݳ\0Hk-b\'ЈYҝkp}]ocYNc#dEp:-#8\'\0GC\0\0\0\0\0\0\0\0\0\0\0\0\0\0\0\0\0\0\0\0\0\0\0\0\0\0\0\0\0\0\0\0\0\0\0\0\0\0\0\0\0\0\0\0\0\0\0\0\0\0\0\0\0\0\0\0\0\0\0\0\0\0\0\0\0\0\0\0\0\0\0\0\0\0\0\0\0\0\0\0\0\0\0\0\0\0\0\0\0\0\0\0\0\0\0\0\0\0\0\0\0\0\0\0\0\0\0\0\0\0\0\0\0\0\0\0\0\0\0\0\0\0\0\0\0\0\0\0\0\0\0\0\0\0\0\0\0\0\0\0\0>m5\0\0\0\0IENDB`',5),(4,'Barbara','Verduga','2010-12-25',2,'PNG\r\n\Z\n\0\0\0\rIHDR\0\0\0\0\0\0\0\0\0æ$\0\0\0gAMA\0\0a\0\0\0sRGB\0\0\0\0(tEXtsvg:base-uri\0file:///tmp/magick-yVcYGtyY]\n\0\0\0%tEXtdate:modify\02017-02-18T00:53:39+00:00o޿\0\0\0%tEXtdate:create\02017-02-18T00:53:39+00:00f\0\0\0	pHYs\0\0\0H\0\0\0H\0Fk>\0\0\0PLTEGpL^)\0\0\0\Z\0\0\0l,#^(\r\0\0\0\0\0\0\0\0\0\0\0\0\0\0\0\0\0\0\0\0\0\0\0\0\0\0\0\0\0\0^#6%>&^)^)^)\Z#^)##^(\Z\"\"\"n	\0\0\0\Z#^)PC\0\0\0\'tRNS\0Je3y;^3TpΆήgzXy	9f\0\0_IDATxi{0FqŶ굵e%!	`ޢd2\0\0\0\0\0\0\0\0\0\0\0\0\0\0\0\0\0\0\0\0\0\0\0\0\0\0\0\0\0\0\0\0\0\0\0\0\0\0\0\0\0\0\0\0\0\0\0\0\0\0\0\0\0\0\0\0\0\0\0\0\0\0\0\0\0\0\0\0\0\0\0\0\0\0\0\0\0\0\0\0\0\0\0\0\0\0\0\0\0\0\0\0\0\0\0\0\0\0\0\0\0\0\0\0\0\0\0\0\0\0\0\0\0\0\0\0\0\0\0\0\0\0\0\0\0\0\0\0\0\0\0\0\0\0\0\0\0\0\0\0\0\0\0\0\0\0\0\0\0\0\0\0\0\0\0\0\0\0\0\0\0\0\0\0\0\0\0\0\0\0\0\0\0\0\0\0\0\0\0\0\0\0\0\0\0\0\0\0\0\0H#qt:Ew\'1	\n/ub<Q#\0\nKFDcދX3ܓ\0Nq\0\\߲t.џw\0Swloxx3!`2XS$&^ >6d76y\Z?z5* -#\'~GH<<	fߐ\rl&\0Q\rVT͌h$@c30{WIzqCCI_3,B׋ǀq;nٹ:-nyLkPg~M)@ȿ|lH\0m&9@tC/!nHHwI``.ՀWEZ+)73\n-3R<A:7^ع0t{͎	w^$)-\\E_+i/ \n\\n({Yy~gZ߻{\0gfFξa<\\i3[)sbQN^&5ΓX*ד7)\0oxpZjs`] \\QvO V<bV/8ģJ 57c<f. hL8{Ccp ċ[1+`3bx\0\"3VT)m%X|L x~̓<dH.\nDe#[>	w\"Iv/ Fm\0<@Mϕsif2ϗ22%H`%b6	4H߰J`!܆P-lr1qdOVv/P g<=\0%d1+\r<R_t[\0C}i|tiQ@ 挄\0Mi=@v\\iK[ɬ`LS{x\0K\rAU	W\0YW*5i*7s1w$(5Stej3\0K[sbr۵b;Q5vv{=U$PQwGfǷ*.wwӎӊv/:r3D輽ogѵ?LV5x^>B\nM<2,3 ^dIDr\nIIM#\nmUi$4>r1vR-=y*;64/o	) )t_,}xa_#\0U\00ןI?{]t1C;NItCy\ro?kbma\nx1 \Z#X_ةrGzş԰Yzҁn&/\r\'M+7:lmu!wꡌz*/Qu,^R@-T9@{\n^Sϛ2\0Fx6L-ƆdDהh[`WM}i=d-9go̟I%{\0еq\0f\0r&A	r\"?.zX5&TVJ=iWsNIqcyis}A,LetjBPjpW	-\0<2TOXDq\'@Y1;ueG([\n!e`dw\0 `.+ODOP6h4}_{f\\^\0\rt8t\0H?I_>tCOMyp|\0a1(3$o\0tKIwW438f4&d9t%s\0SzOJbC5̸^$\r,Khr\0w**\'m$o	@moǩh38W\"ifLBpT@\ZyC@<nJpR?\'b0d4Q \n$U?J:8W!)@O<iNx/{L)~Vo/Bp\'d\'Ե3\n@	s+@vB\0K7rqw2B+a@}cԺq.t)wpз1U]O\0)HQDM\0{$s\0u\'E$5x\0~N_y<-IhEۻHډDeg{r#,hB8DD1ph\Z\0?IKġLôNs1}6{(bWEtji$\n[ʗ\'\0}LO׉h,uv>b<t5Q>s\n@W12\\\0,e[U\n/(ɑ>,K	}X\0\0O߇c{\0:9\rKЅn?):[0 \\<D\0A\r!r@}M|:\0ܯid*\03>gx?2 7>=)w\0F P<d|/	L U@E\0c`C,/\"4%j@cLV~Î^>Ba&ʖ<FS3\nwx}D$\0Kn%Jʝ@Cdɶ ZaD9E+/	m_\r܇\nb2ͽcɥG7;{ſω=O-\rY2W끜z {ц\0¶P\01//?T?|k k!	uԔu^lߒ[|U9yf/weͱbl,YR$4w[{juqk?jGɦ\"HykG?_F\0ʆ\"m{n0 ߖd#I@ˎ>ZԡV#:;\0B\0\nMToN\ZmWss7q\np$$Ph\\l>F;2ԷǝzB\0{бquF_o7#K?>hD=*\09\0\'KQ)bh/bq&=@UZdvbԢ#OcuZ2SP}j04gk?1~<IT+Ix\'`c\Z$SZ}ߞ%sN-+ԬN<5\0z׋ل1o)$E=̗x@{T\'|\'8io￝\Zg6͓\\m`np`\0}۠]\\U.!Kev\0Qxt2_4΅b5&`xUjv޷\0\0^p:s;{;B\0x\"l6G*1D2%S6s\rW\"y,\0ꝞczHĸ]>.b\'KCSg;\ZP2$J\n+ϛ5q,|c:]gl0[;veJdH$V6^\'GPS{tQ.X\ns꓊I\"eJ5`NeZ1Ӵin/uVv<\0ST\">0\r[ZlBTQR>96\\;\rq{qS6_O]\r95ܒo~|WJslpCA>O:i\'s{]1}ܒx7Nؒ6[s髻bce1mlahmU\n\\WkJAj/o1]dj-Sʿ /?uc}	ת}c$F:V^%?pvlhjȕ|My7\"տ%aҨqopvMX\'C \rKƣXxbv&1M既hf+oOkcrOo^{\'Uw		6ʘZN۫3yQdpm\Z0Wl?kbnEh	+7Qj>tRgA0{Tz&y⼘:͒$MD^\Z%ӒNOo㵲Ht67_t5YxϪ.zcWU\00o]Vy&H˲|_ldo~i\'R(͍Q^&mcmC\nLBM˵ewQ8%ۂ2Ϲz^Gec]///:|<շy(<+|/r= /j?j|)ʻ~>ίm\nVĎÀ0=i«ퟕaȥoL;տQ#9<mN=Pg%\0\\gYa^W\0qNƊoTSCQl\\#veTqiVf>w\'P\0ߕTf,|/ՓA>Th:Y.FnK\0`S:XfD\0sW-?)V^6WhAlv:\\F?\"~MxOOw6 Qv@}[%(rLl?8ߎ?=t\0U{>|y(lUۮKOI@f8V0ouvfՓ7;r)#,W^_yv~slQ_o+-D\ZRM,ʾ7(,\0<\rxٖཛOݳ\0Hk-b\'ЈYҝkp}]ocYNc#dEp:-#8\'\0GC\0\0\0\0\0\0\0\0\0\0\0\0\0\0\0\0\0\0\0\0\0\0\0\0\0\0\0\0\0\0\0\0\0\0\0\0\0\0\0\0\0\0\0\0\0\0\0\0\0\0\0\0\0\0\0\0\0\0\0\0\0\0\0\0\0\0\0\0\0\0\0\0\0\0\0\0\0\0\0\0\0\0\0\0\0\0\0\0\0\0\0\0\0\0\0\0\0\0\0\0\0\0\0\0\0\0\0\0\0\0\0\0\0\0\0\0\0\0\0\0\0\0\0\0\0\0\0\0\0\0\0\0\0\0\0\0\0\0\0\0\0>m5\0\0\0\0IENDB`',2),(5,'Gladys','Zamora','2014-05-28',2,'\0JFIF\0\0\0\0\0\0\0\0\n		\n\r\r\Z\Z)  )/\'%\'/9339GDG]]}\n		\n\r\r\Z\Z)  )/\'%\'/9339GDG]]}\0!\0\0\0\0\0\0\0\0\0\0\0\0\0\0\0\0\0\0\0]S	J7dWXvNup)%r+;EWn\':\03q?0k4VNEuhWHbQ\'\"ôUvsL$1(ݓ]a,X&g$1]$aƱq`)#$t]\ZVzo&=\0=	\"2IWI5@\\X&g$1]$aƱjKc\rUve[I%|i?\Z\Z1\0\0\0}&[I%|i*2ǭ>{i]J[-Oư9ﴯ5j|@\0\0\07ei8\"ƶ[6}ar!ӕ]S	J7dWXvNup)%\\D#\0\0\0LlC9\\\na!F윊5?m.fncn\Z7SIF=\0\0\0\0ݿ9jƧlr5?2ǭ>{i]bM\0\0\0\0\0	5%i]bIlz=A\0\0ʮ\0\0\0\0\0\"~\0	\nNup)%r+;EW~xg\0\0\0\0\0Mz&\rhWHbQ\'\"ôb_>\'azoN\0\0\0\0\0\0{;,<gmF,\\zI-CH6Ux\0\0\0\0\0\0{wfX[vm=xdYnt\Z.dS\Z\0\0\0\0\0\0{s$ss\"BNup)%r+z8\0\0\0\0\0dM;7n:C9]d5ܪ=mᚪ(\0\0\0\0\0\\`Q\0nQܻo<KcJ\0\0\0\0\0n\0(@	}&ǡݤOhEWn\':C`\0\0\0\0/4@րи	J7dWXv	\"2IVz\0\0\0\0\0P_Bk$t]\Zū,\\zI-C\0\0\0\0\0t\\ `һ8|i*qƶ[4>\0\0\0\0\0\nB\0އq9ND:r\\\nYDD\0\0{LW?N\nV\0æbQ\'\"ôuOg[U~\0\0(\0īi+\0^˦{70,mK\0\0۰\0@\0~8aҠ琱@\0\rUt?4d0\0\0\0^\0*JD\0my]\0\02>_h\0Y^_\0Ց]a1/[Ah@\0\059U\0\0y`\0\rB~v߽4o2ǣj\0@\0jkn\0\0+j8w8k\0\0yjIm]dŲ-\0\0/kLUC\0QI̼P\0\0H:n5*E\0\0_6y\0\0T\0Πa5L`\0˶J@\0\0\n\0\0KzK*̛7\0\0YW9IGC.\0?W\0\0yu\0\0oz\r_&Lv/r\0*\04X\0\0E\'\0)J\0X\0#<\0\07EWc\0ӽU\0\0(z\0\0vk \0G[e>\\\0\0	E}\0܍\0\0/怭@\0\09\0\0}\0R\0,G1@\0\0QH\0\0x\00y\0ǨkG\0 /7\0\0LL\0\0yx}h\0O\0\0\0`\0Q/?SF\0\0\0gy\0\0/hD\0\r}mN\\0(i@\0\0{~sP\0`h#<oA清i\0@\0\0Ψ\0R5 \0G\0:rMS`\0\0\0]qϠ\0	\0\"mX\0\0\0~\0s\0mh_ fHր\0\0\0+z\0 \0Poc}C\0\0\0y\0\0~@t\0R]i\0\0\0\0\0\0\0pC՝q\0\0\0y\0\0{Ѿ\0*cu9\0\0\0\r\\\0i?\0F=y\0D9ټAQ0\0\0\0&2@\03qG@z˚N\0\0\0.\n\0\0OP1y[\0B\0\0\0t\0\"@	=Zw]n]?<\0\0\0! \0	t\0g\0O`LS\0\0s\\`>\0-8\0<陈ˑ1\0\0\0B\0Gߠ\0B\0U?\0\0_\0\0t>\r\0\0Ϡ@\0\0n\0|y\0\0O<\0\0\0|ycF\0\0~\n\0\0%}-V\0\0Ӭ\0@\rw1\0{ӹ%k@\0+]\0w@Û\0&}!\0)\\\0\0bytք\0\0L\0>U\0\0!ꊺs\0\0MK$M\0\09\0\0\'EX\0˶\06_YdW8|w-_P\0STנ\0ū,^d\0zJl0L@\0 \\\0\0ެUۏ@\0rps\r\0\0ysO\0\0yrZʮ:\0\0HIS\0XQos\0\0~_S*@\0\0}z\Z|	G\0{̷88\0\0-]Os̱q*[\0\0vꫨ\0O7Gb@\0ky]0\n\0\0&᭛\0\0+P\0]yV\0\0\0O\0kΙ\0yр\0\redWXvKd9\0\0\0>BtX_@\0tY~ѼKhj\0\0\0[eOW\raF׀1-Oh\'-%hv\0\0\06&eicq=c7@! \0t޳[%̊|f9\nq9_\0\0\0\0u\0s\0=J7dWXvu<·rnU\0\0\0\0\0t\0r\0ywΣr3[;ʮ,\\zI-Ctr\0\0\0\0\0[wp@|i*Uۉή0Ģ\\|\0\0\0\0 \n\00ģvNEuh`)#$tNqҀ\0\0\0\0&%\n\0>1$+ x-]bIlz=AUV\0\0\0\03? !Ilz=A}xq\0MlX{s\0\0\0\0\0>Ds4^Ό͍lm>g\ZÔC*q9nȮ5P\0\0\0\0\0\0\0u}S	J7dWXvlp33uO2z\0\0\0\0\0\0lp33uOs̱qi$= {EWe_\0\0\0\0\0\0ۮܫ,\\zI-CH6U\0\0FՀ\0\0\0\0\0k\0Wn\':C9n~}\0\0\0\0\0+荵uhWHbQ\'\"ôb_>\'azo]t\0\0\0\0;,<gmF,\\zI-CH6Uٖ.=m$i/\0\0\0\0:ƐH6Uٖ.=m$ǡݤOh\'-%hwKqْ]fqT`\0\0\0\0α]΃[%̊|f8l.C5\\ȧc\\\na!F윊Uۉή0ģs%9\0\0\06߮L$1(ݓ]a*q9nȮ\Z&ynQܻo򫬙Gr3[`G\'\0\0l3ksGr3[;ʮgVU˶l*̱qi$= {EWfX[vm=d5y\0u~e[I%|i*2ǭ>{i]hWHbQ\'\"ôUvsL$1(ݓ]a*q9V\"zl\\ܬ,r+;EWn\':C9\\\na!F윊*WHbQ\'\"ôUvsL$1(ݓ]a*q9zRqFĴp)%r+;EWn\':C9\\\na!F윊\0\0\0\0\0\0\0\0\0\0\0\0\0\0\0\0\0\0\05`}ڐ\0\0\0\0ЩÀlYl\0\0Z\0\rˬ\0\0\0֢ǀd\0\0\0iu\0kh\0\0\rN\0\0-\0\0b`\0\0X@\0\0\0\0Z\0\0mtL\0\Z|\0\0s\0\0D\0\0\0p\0\0\0@9\0\0\rX}P]\'L\0\0	[\\\0D6?9\0\0z>@x\0\09ֈo@\0\0 Tk@\0is\0\0_e	۰J\0\0@z@s]`\07vGxۡCa.\0\rbZ\n\nl\0,7@U7\'­ULo\02ߠ Au\r>p\0=y2@0s\0\0O]BO\06tMn(`Q\0ܯ1@/\0t]\0%GL\\y\0.6#S\nE[]\'\ZҴpԂ%oƟ8UъdwM䙴g\0:~E 7K)X{f\02Nk`En\Zsc\0Bр$z\0[t<\0Ӳ<PsN5yIt\0\rC\07%je<\0e\Ztis\07\0 +0\0~4(GD߇Q(q\0\02BX\0\'\rHˎc\0 S@/U\rAx+pW\0`z ޟ5Q4 \0%/;\\jXE)S\nX\0} jsp=gy\n*R\0\'J`rmUj\0>GFkW\0\0\0#,eT\0@2^f̬T\0҆.n!Z;0S@\0C[Xఛy2\0A\ZY\r}4\0aB\0tkܔ=.|@l\nX}u\0,*Pn\n`\0=tbѫЌ/|wӫ0M9\0O}B\n/|\nP\0ҽ~ѣ9Nb؀HU<\n@k{\nXX@,>eC3p`]$*]pt~\0JTsZaJ[E:nez\09W.`\Z<Mv\04uZe|7x>s`I۠tYH߀mP\0z3\059Ԍ6\nL\0,w\0\nN;n}}\0l^\0a9H\0\0oPQ`p\0\0>ܬ\0*2IvF\08(vT@yXr[gƄwM-p\0\0:n`Ҷ@E\0\06¹Ot\00.\n8\0\0,z~<s\\ \0k}4y-`V\0D+ \0\0*(-v\0V \0\0=;\0\0\0Y\0T\0\0V\0\0W@\0\02tM\0{\0\0:\0\04 \0\0X\0\0\0y\0\07\0\0CѼ\0%^\0\0\"@\0Oܽ\0\0\0\Z\0n\0\0\0_\0\'m{`\0\0\0aa\"{`\0\0\0\0[nݶ\0\0\0\0\0\0\0\0\0\0\0\0\0\0\0\0\0\0:\Z\0OqY\0\0\0B\0x\0\0\0>=\0s%0\0\0@\01\0\0\0\0\0\0\0t,~\0\0d\0\0e\0\0Θ\0\0{\0\0n)\0\0\0\0i\0\0\01\0\n\0\0\0Gx \0jj\0\0ǌ\0k\0+=]\0\r<\0\03OlO\0m0\0܈\0fJq@\0\0l@Q@p\0:\0\0H3%,\0o\0\0䆖/\0};\ZOO\ZJh\08n\0}k*g$@R7\0@sqῠn\0<#U{D[\0| U=\06;ϰ\0d<pj	&~ȍ\0vlX\0E9B\0f\0ҿ3ŝxv@gzPB\\k*[R\0X\0E݀%9Qntێ1k %sH\'oI\0q/p6b\ZJ4ga^li 8-,h\0B>#l\0%o\02}UX\r@\0ĿI\\\04p,,ݠ$En%!Զ\0JX\0F\0xOU \Zf \0#\\ACހG)]pY6t^=\0\0bΚ%t.n4#q\01\ZZ9QAļx\0xvl*?B6\0\09и\0`_O\rQ\0CG5҃\0\"|\0\0\0/qQݝ(;\0\0yߢM\r\nQ\0\0C}L*9<gM\0\'Y91QD-l\0lu M@IM\":\02R\0Kw]4i>p^\0ƾ&hA~`_cAwo\0Ez\0?TMO\0faiAtP.\0.3 Q\047;0\\Oc\0\0#o\'\03ROUڔ\0WHt0̃kX{xo>/h~e li}J\0#d;oK9a!fʜ\0KU;\"~0{H5) VRo?`2db\\O(*爀t->&\0FcyD\08s\"lR?>\'՘\0x=<M%5U`Ę?OX\0B>`5Ix&T6\02\0qAR\0x:;2\0)}{\Z+\n \n~\0\00k@C ; \0\0D99\"\0Z\0#ͅ\'n	NT\0\0\nxxa\0\0\0Z:\0\r\0\0&w4?\0>H\0\0x[MH\' \0n)\0\0\0\0\0\0\"\0A`\0\0\03\0\0/j\0\0\0[/X\0\0$\0\0:Vo@\0\01`\0\0w@\0\0\0\0\0V>\0ܟ\0\0߫\0c_\0\0Rq\0\0\0e2sx\0\0\0Qߟ7\0\0\0\0s%/\0\0\07\0\0\0\0\05@04 $1EP!%2#&A\"36CQ\0\0\0`v7q1t.0map;.0nbŧ];8`Îv\\=`\n*2UYo2X<F̊VF֯FQUT>tk;SusG_RQG0GR\0oq~ZfJ\'p)X	{oG1th;pawNގ-?b&w\Zzs4@#N?s[AsiҸ:hF,aj8FPjRi98:gBio}9j\0CjbJ8CJ:$\0A\Zii$T\ZgQcF\'iIynEUUUƾƙD:~xT2qHS\'gNR\\K-`\0\rPM=9\Z G\'PLHM9-9@MCIQ4i\\q[D@4#0RӜ#P\n(5C)4hGX@Q3M!45\0!51%DӜ!qnu\0 ЌXKNp@7n\0\0h/.^9n^-ml]ŭܼ7\0`\0x\0bnIeV%IrACla\rNTHhC^-ml]ŭܼ7\0rݸZۂػ?[o[xo\0@wD!V!GA=\ZU?_ho9};@wf5=20-vnt__hhq	[_hT0xjAVb+$}\ZEzp T\0gq[$0Ib EhXf^(M;͊n1txjAVb+$}\ZEzp TxٸQ}}4xB%m}tPYvӴxk]a_hs-SwfG@e&.ZӸ#\rL8e\rL];z8\0!=)Í.)w:)KkOwp	{oG1th;Q3PDYj]ZO\'[࢓t	TBq)\"gAvdho\'[FQBgQ3PDYj]ZO\'[࢓t	)^j\nhoVoVBq)\"gAvdho\'[FQBgQ3PDYj]ZO\'[࢓t	TBq)\"gAvdho\'[FQBg7n\0\0h/.^9n^-mhyjFMq)Jh0*K.97-^9n^-ml]ŭܼ7\0sq܇GVF]\'M}dudqVFc\'C}udtt!ՑkEv	Uu^2.B,eQVI!2Daԡ!ݦKܤ\'C}udtt!ՑkGI)_YYDts}5qՑIPGY\'`v7q1t.0map;.$\n\ZmzuVgkT#67i({oG1th;MÔLEzYl\Z.%&!},\0\'.(I̲Yu]Z\\!6\0M2fE+L5.f+w(IT?ms=ydk2Y:0^ofF)KI_K7K\n*ws,oWfVM3LzY:\rۀ8ŭ-\0\0`^\\l5UETEğ4apAxv~?޶r΀4\n:䡯f\r,K~\r?s\ZE{x$aD!WTU]Wu#-0U\'Zh\rCH3ttAa%_w9G@hUf\"ὼGA0wqG_w0nbŧ];8`êc\nW4QXzD0xiv*g\\D)hn)UtVu&k^e$&k\'B0nbŧ];8`Îvu0Dd\\!E1T9>OQp85/O GWSNUuI$T+hnpRW\0@܌xQnO\rPNS,r3f\rEPH<~`M3QR!܂q!PUE\rۀ8ŭ-pBnf[nT0B#\rgU}i.)K:+-MTM5knb~-ml?8{oG1tUq\0WKfWě^w	9	p:58ңMBtE];8`Îvu\0 T2ONpu\084Np{9sPPT[U~~otMM>ғ9VJs[R;	s[AsiҸ:hF,aj8F\0p\0[p[gwhj,:97ʥ8 ]>ORSU6M*eZz:!:aԂVID;yϔ/oYJRu^FT6pCw{sq-50᯴A幖h;p2DhpawNގ-(E\'5e.WJT~\0Pn]\'}R2o\0GxY3+?xww\r)fxǛTGI%/WRdײu-ITҥWEӸ#\rL8g[GMAgAvei<oNNB	{:ҙ,(c6\\FJv4u^gl.rv{lpf5zP6E]j%Oû֑ě9\nĤ!1ّo9EK#[ݸZۂr>!nzkJ)}˅t3G\n\n9 JCz爙\" ,:?wjzeBJǚƜ k%a$2hܼ7\0sq܇GVF]\'ӓrj\'*dun]\n&i\\OckO\0\ZeJjz\\RM$Flkqʺk\ZNtu!qՑxpawNyMR\0o9Ԫ+J-&`u],lQ\"Em>\0\'^pS\\$s@60p9DWvّi\'SgeWV3#[ u#aĖj<WV%7Twm2Em^	%G9ʙNs%i,	X;y6aU]GUM3LzY:\rۀ8ǔ\"e(*(8uiᰶ\\@%+,$!j1<MΥ\\AqWQ>ӔKT\'0_rU╤3\n|\'&竺~JRvg$U\0`t!Q%\r}p-Ȕ2qEՆe)r$Ko㌛MEQ5Rn1fk\\N_8d:TJ_?o`\\\nr9OPm|	Bkch\0t!\ZF=ظ]+knViJ^KMIU$IDTJx.=ꔗKknrTo\r评\0TJyŰmt$$ѿ9%]{YSpYn;\\ #LXWO8䁗\n\rNrpʒt\n򟌼q9xr\\z4#5%Z79EDEt#Qpv<Pࢊ(*i?\\.NF<BCȮ\"$Õn3\n~4+K֣5Mh^`w8eL)NSg&M.ҊJcj%<{30[l$\\nA\"\rLI\\LZ*-\"oT[qy&R)S{c3\rh9k\'Bz+DUMa~qIj\0A%e\\x.}2ܢg*>)sGXwqYT4\\2zKئiHUS9ʮ*b	\Zsj\0`t6\'UUNuUܑVO\"jzqN2+?K4|MDNmɵƗq9UU\\hrfm?\Z_0ac;Kp̭a\r`$7w*~ͽʶbE$SD\'aޚLn\\W#*,*V)L1{NbJ{[YdIEobyl!ITI5R+=OrU	3}2GC{:QeI&6nOE7+e0MJfMꢴ5;&gFbxAKDTҿmB_,OĆ.]Z;)rdb-Vn>5\rΩBK<[ݾ#CCBcgQmZ2f^)*Ujj2VUS?JI6	Gs1xP2A!oE4[	Zӭ\ZIN˄yx8컣2[bn*gK(1\Z``sr1넨*drkpg&bE*ѭBE5UUSۉSq)ʩJrot9v\\<v!Q/J˰&$]AM>gנ͵9Jr\ro\nL=6]´/	J]),\'Y[\rWt9&d+MO#2TJ{?CL)JRCr	pmmUAXr	zJf>n/ygnl.\r%X\'$W;%\n>)5^(c6\n(#WC#)8N1MiS]-\nAY/T]z𥲒\n=ORl`|MDyw#$oD\Z|j-Ƣ\Z|j-ƢBm=L솪i5rg9\'BHdi%p\0Q_y*(Ω:<ǒSJcLy)%1<ǖΉWDt|9(gM1xBa?\019xNr8Le5[?SD[$%WZ\ZV$)ye51<ǚSjcLy51槳^*Q(V^UUK\"~\'{XPRNCϿgxi4cLm14cLm14عDn{^RKB^+(qJOJ#Wn0SGjvݸCXXVKRp\Z}	1.ת?A`]\\@ZCY=Z5ލj_&#&l)Sq6e\\##n3&}7@.͇˿^gw\n*H#˲S|(CzeOj6tItUѽJ>2)xφĢO?&}w5kW|L@eX\nI\\S`FʊAqm6(&X(yZ,nO$̗,\Z׭W@$uUͽV@[inQI4I\"#n	SYR86Ěe/-^jhtuN^*༧%L?`BfbJK&I+GŖ9Hiw%bjBɌQUQEpъnC>)%miOgçijE^XhD6HD`\0K3P36\0ޏk=dnlnA)/g§~M.)Z%?	ژC_Y	SNLkgm\r?	OLRB}F,`踂)z5SMtEWũ]CZ\'	,DM4.G\",YkYF/37\'fХ}4GړjT=	$e-9@Vۍav30w0vve*RI\r|ƞ͑f\'PQߛۂqΨC{[zqNn7~e !.ۡ+v`@&qC&;6rv)*Gtnvʵ)Z[]+M$&9m-c+a߅Kd@A ,kq{cqHGEWLamnМ-(JhOӸǷ\ZH9b\\H(l&\'`t^T!-;iTMTM5S踸FKӑn|~[V1E(@FNY᥉	W]4SUuEW3ie\r\ZQAIq}J$6\0CVvD\0sۛFh¦eZ۔_ep*(S/O\0X܄xTSwCVpM6#$vF {O\ZXAӜ#P\rۀ8[)*,+;YgsnmJꪲu *V޷Wo\0!CK\nmsUN-yT<,;C JDq*KA%!n`B窐C\ZR)HڨIKJ)`*,]xָD$X{[2riٸQ}}4|8{΂D$*ܧj7bYw*	O7Y19Js<_(BBz(NoJ*u-S*gH/*%Q,Y}B\0PT i$o95K!ٕxnI\'l9$\rewU4QUnwn7?U[oVf\'W&{8ivLΟ\Zg4mKUV\\)6FJs+[FQBg7n\0\0h.E5UO\rFN\0šĵB@>$\"N¤.MUImf4Qe|iCH0YbUeS;{Bd(J#|=B-sYuVhлMȺF*IOrYY\Zttqј\"qn]ʿHyq8}==йa.aM-F[v}U$Nj+ŻdAwts8C#&.i:jymPڛ\nyqVho!.%?g)XTW]ET-DbS4ʚi`Îvz0^ofF)KI]bҵANS܎I!1U?\"N̗eD}p#+UuUuᒗ{5C}	Js+\"6yGK7+PuK&ɦZ,R?m\Zht\0N\ZTPgCSCem9R3fIhhRTRe]5SS3lus9KzӜ?inuC_ws- \Z!Y};Sud*t ;S9rBq6J-sǣxEG;6?%|PWLxL&]rLחrRӟ8KQ9zEB/IS[e\\.\0(C:nE{x$aD!\ZF=`ӷOzڔܭ^	֚(jiŧT*ĺ޵VtQGZShUN60E4Ō%t!n!a`QCU\"\"O\\\"9gYÃMOuKM>;E\Z^\\/9=ELT<w HDmE5CE4#Qpvknb~-J\0gTUN~@=;Җ\'\n8}k&IR)]ŭܼ7\0~G`v7q1t.U$IDdgM!MGqRHޥj/s\0sŧ];8`Îvu\0 T2ONpu\084Np{9sPPTM9$S&W5OZ\0Ud][UBHy&=m\03;}iB\Z\0@!LHM9-9@MCIQ4i\\q[D@4#0RӜ#P\rۀ8ŭ-\0;ՎC!DW]OOIf\0EJRb&,*((orH(AE-\0\0`txB%m}tPYvӴxk]a_hs-S}٦Gٌ\n\0T:7eEkmzhT͝0?#\0r?k5&%V	*z5 1~rv\rk=c8k{yne`Z(\Z=`ӷOwp	01ȺrݫisJM 0oG1th;Q3PDYj]ZO\'[࢓t	TBq)\"gAvdho\'[FQBg-Vܥenͭ`A\0\"᜚%Ry=RĜ O:\nKI\'K8Bc#Cy=R\n0rK8GTpAxv~?޶rYUOSj+\0kM5UU4fpډ҃ܥ*e)J\0p\0[p[gkma\0w/\rt!ՑkGI)_YYDts}5qՑIPGY\'=}dud>2D$\\Kfcs*C7V}AxY\'=}dudjqtGVG\'M}udi:1q<VGI\rL];z8\0!pG@qˇ;bvEIEDA\Zw&.ZӸ#\rL8g\\!7Q1f]vdkp\\ R||T@q\'2f]vej\0np94W\\!7Q1f]vdkp\\ RոTBfBn[|ַ5觔{BhEv}2+PuK&ɦZ,R	rK7탳#[RĤ/;9_K7+PuK&ɦZ,R?Zz-ۀ8ŭ-4sS̫qBԷ68;!OjU4ml??Zz:D(뒆\08ZA4CA-4\0yj:D:1\r:h\rC.2:h\rCKpJ\Z\0[in\"=1\rr\n*rNoVPE\\+͎.\0n\ZZOƣ4C@k#f;B#ƀ4\n:䡯f\r,K~\r?s\ZE{x$aD!\ZF=`ӷOwp	{oG1tG@f6\'VULNr9MjWhr0Ѥq.ZӸ#\rL8e\rL];z8\0!pG@q΢\Zbxڋ0(*zxp\'.gCB#j.()\Zi\"JCBj.EE\'Ci\Z#@aBlΣ,B0*I2NrݽֹP\0vijxT[xT\0d\\!E1T9>OQp85/O GQpE\rPQM<\\ #LXWOVQp8R/O.=ELT<w HDmE5CE4#Qpvknb~-ml??Zz!QB|=MJM/ꮊҟN$^PVyj\Zʪ~-ĶUJhN\0p\0[p[gkma\0w/\rn\0\0h/.^?#;vqiCN60`v7q1t.0map;.0nbuی}l%p/ldM%fvK%\\:gW(JS~H]8\0u\'jg᳃֝c)JeYAI$:I$`DÎv\\=`ӷOwp	{oG1th;#;vqiCN60`v7q1t.0map;.0nbŧ];1L3)4\r(u[,!*zbѷOwp	{oG1th;pawNގ-?b&w\0K\0\n\0\0\01!\"AQTb#0@BSa2PRcq $Crs3D%4t\0\0	?\0A&::BEtu::gGHhl}._GG]tt6A&:=:욙u\n%ekV?	[#侢O%G}kt(	r~n!ى$7$6~gŐu3VN>ՙ]unInx>~KkLS!xcpq::DGOd!vNZ::}It	6Nd/գ::DGN:k+H\0\rdٵA$1.|H]H&vR,	 \0E쵁vm_ɓ~flՎZBC8mu#j8L.\rc<o3:!7\Z;6t*uDW`\0\Zɬ#jHb\\J(.McY)@\0kڿϓ&k٫hO)xp$XGf<qJE#av$\\\ZA-a&xgduBCn#X5vmX;E\\/#ꈮ	bE\0k&\0|k5ב&FՐ\0}bǜ<ڱ@~8\05Oߍdnzyl}*}z?	XGfՎZB<.,\0Y5vmPIK4)ERɬtԋ<`\"9\0{-`qWd߸{5ci/]kڧ)S>h`.ċX;E$쎨H`Mk8ͫhx]Qf$X\0kڠ>i$R.X;EyDs\0\"Z;6ɿq3ZjA-F!\n^!	6ٵOR|HX]vXI7P\r`qV:tthh_ӣ6\Z={#OHhhm::ClMG+,|C|?7!b>ڕsS<N521S+\\C|;seU<F\Z:cGGmN#GS`h=\"=4tv\Z>\r4u6AӄӾbEFΦʆ\ZSoɗ\"e+|1`XO};w^3\Z݉[V/~m̶{[ۚw2@/u n5Py2{P1X\',HʹِXXq	}a$M\rɰ5\'.DVHc\rBwPf5k\r_ᷜlǷ5a=eyl^@k0e|)bS8Q2\"`H34(DuX;\"CTkV#zK.n!$0\'xӾz1\\=ؐme5b\r<g=	}>+dbR\0X_.G[Ou{Xċw,PȲHPܛXqmy2Lo<,\0+	}.cV{ ~j^y;yk|{sVN}W{ƱXq&\\p Ӿe9W#2p+?ua=$::GH]VGG_lm>Mtt:>h ]M>cA[\'-7glQ\'%u%\'<q[G~v$:}\'G_`t}h\"MGIą\0ixbe8,#^#o,8ml?Eo<6ɮ8e{F/y穰wRH|0\n0G=CWG;P1 a{\n7uCWI:\0Q{\Z7u<oW̱XE{+ADmxͿ=M\0Mm][|HN\"VY*ME!9O.[EaqH\"\0ڽU#Eވqi$yacNsk#{+R#@~0M{+Q$LHX\0~(M7+X,sP=\"6LËߞM\\[&l/=CWh7~z7u$,7c\0s\rds8e{XDswT8e{thh_ӣ6\Z={#OHhhmbB#.\0R¦l`~q:\Za1,E4zF\Z:;m\rKtt\Z:GdiՌ\r%dZ5\0k͞89t?+Tr[%ƽչ\0ko;{6Z3lkmn75no;N&jՃ=d5\0kt?+V3?6L͓ko>S6{d\n\\j1Cb-\ZpN4nC2CcXTa:DoXڱ\"!>8/{V~W\'[_dlk^?ma\'U5n~Kd׿?m-of[_F\r-~-X~\\q[_ysl[Ʒ?mn~Mtt:>htuΎ&$:$ʈ8YR\0QD/ʌqhZ\0aÍF3f$:}\'G_`t}h\"M?\"9DA\\؏i{yaQ!Ns-AR4]\rο=M\0}5[.^z}I\"o:6#^H3G=C[I:\\)\0ck/uC[G;!Sk\\N[g\\¥/!:\r50a*Y0ۦĳGBHO	1T؏i{?\"9DA\\؏i{yaQ!Ns-AR4]\rο=M\0}5[.^z}I\"o:6#^H3G=C[I:\\)\0ck/uC[GHhhm::ClMG4iLYܱ7$Su7V*KHxb\0oS\rMGHm4zF\',HDِ\\Xq;m&l`\0߾y{qV/N]̶{[oPbF[E_<bJ j߾bF5Ȧʆ\\ƅEQ\0L85$<ٛ4߉_!3a`vֵ%\"2\"0650fΖ|PXO}7^AkM\Zb\rg%	}6$e{$^~jPɛ;+|RXO}(dh\\llȬ_Մ߿Gd!vNZ::}FY3\Z%0x+ɘIq|ؐ\0\n&jݬ\"an\r3+}naa\'ikFH-6^XKfZp񸺰Eu\'G~v$:q؎ѫ3\"3b:*d,jb+\Zi	)٫f|&kZXGh\Z yFr\0\0X;5%ɖ8آ&VΑ1D\"D\0\0<5i%DAvcIHV8\"lj	%WS\ng`/x:b7>V v!\Z)PpXGh#OINp ^X;5ϼ3Z־Zb;FyC3\0j٭O$1.L]A6؎ѫ;H$dkGHhhm::Cl!$\0\n%px<丌JQMt_7̿&\0&P_MO>wb	07̴ԍD\Z4}/dhl\r=Mtt:>ht1\\%\Zl#\0ĥS8l-u\ZlekE!?V ζ#t}h\"Mhx]Qf$X\0kڠ>i$R.X;EyDs\0\"Z;6ɿq3ZjA-!*5ɵ֘Cj#`L\08M\0@\0\r@cSKHݑי؏\Z)?:FCXGf|7&k^X;Ex!K3A&Z;6TϚ)+\":k	3;#pA\Z#jA.\Z:;m\rKt8~&WIı$u~L+xd/o<ke 8#S8`ʿ?\r4u6AӄӾbEFΦʆ\ZSoɗ\"e+|1`XO};w^3\Z݉[V/~m̶{[ۚ\nʋIw:\0fCs>M62v,4Xd<r\ZLa<dcv\ZXO};^C [\Zbw<r=(\nxVNe$X\\l,E_ՄӿGd!vN\n16\0昌?^Er1s_bk~&5a\0UZCn|حn\'Z5O^\ZVÞ)UrqpYh߈4u%oxX&!yV\0\Z5h\"MGIą\0ixbe8,#^#o,8ml?ՈBѓOp%-M#O?1m?0[<>3r0c[R@ЋunIzNύ7\\<q} .3S8HER4]x\rͿ=MG1T99G,\"9ʁTiG:D{CGSlh*|RW.yI\0؞g)7{\"ԑQ<q\'?SPѸ!p}\0|cݽJ.kfyO1`k3X(#\ZwCuc3dl8ֽn;3gN>j\'ɯ{\\L()\Z^+^9s\0u\Z:5iG#ӏa\ZxG9<sq #k~FX~\\q[_ysl[Ʒ?mn~Mt8D@9N睼\Z9<e:iaFh	}#\"ꨌsB$C06h$NU5.xX*7*#đ&6U;_TIr9|x,gGHh}Ev9PA56#^yXmHAS:\09[ȣ{F/0Tc4x^Cƣ_rmK/?|,\Z8r8hf8<#ؖD?\roĔsx[ \0.MdcE\\1\0jvy\rG˯!:I`wgna$%p\0*lGn\"=).\' o듘RE\0*\0r]&BGKio_3Q%Ēce_䊱cIxqfp8J ]QnS\ZܜL-ё*.tz\' jf\'cC\"qkv`~tˣG4=>YbF&ؚ̂SþlT(X\\ds<L	$\0.I<\rE~v,\0&(XrFц\reΟ6E_\nΜY7CɓQDH5R>8)$DAX#Ʌ8qr8Xnne\Z8\"*r+\'ua=$:,9qf?`I&\rdWƑ\0āu*uP&ùn2[+k6zD\rXC+%c9d\0I+YjE\n*bfa:N0o[$:q؎ѫ3\"3b:h`z(}mɡ6\Zo dO!Q؇1C)xUawxcgv@X$٭ch\n}m\nk#sX,_?E:~⣶\ZL$4Iy6pȁцIw&ia0̱߭ďȏd\n݌kxwW?}n$\0D@a1*>tf3V;DD[Hu#x5; jC%6d`}bL4d#=&\0uy-!J?y*!DQ\"),nQiT+3Q#VBN7AB8	ghOR+)#GIQG\Z	=$gQSgAm8;ET/#ꈮ	$\0\0M,M/E,Bd@P\rb_I|bx9ȏ\0kE\"+ݰƉʶ?gƠn\Zaۜޥ! S7߬V:t:cUI$a.O7?*F3\0)4OŚv^}Hd\r\Zs$\Z\'W*n<5RMHlC)kF?]ta=L8p^HE\r\nOnS2Kݍ\rCŏQ9ۘMmY;e2:^	5\ni\nZ$_\r;d\'#Ua=x<:ߓ|8?.AQgf6\0SEs!o/7}=)u<ZZ<Ez~䇂h:!^6!\0h6F\"\n@9s>._ kb]O<ߨyTLHs}GŎ4ESKDb̦\0&PIccP}y]oxt1s+ydYyMJ-m5Dڛ\Z(y̲\\|m&:V\'|Sgv<E\\ohF>*eCTᢕP-\0\'$5Cos[q s\0b#F+kd}J-b|,P˞a8\\\0>*1gP̎:l|s( 0͂uϋxl8}M&:^U/VaQUӹiIoilkQ2XG^@Ájulћ$ּ!$\0<WĒR\"ѧ.<E$Þ7A-W(;\nHn1#_-qA2KH\0TQ`Dھru<#ZG~ck_+y< I}rp|o,*`C}ho~|r/\"bY\0/P`5W+Wh	OxjBBq@\"ZUx^w D&xpc\0$y> !|Ͼ|@ʱܴ-(X򟬟X;	6eWt`qn\0q	$ϊ1uǑ\\d\'ޣr1\'> ]pP?䗸xdIGqq1r?\\d\rxI<0~k~k~k~k~kfT	B͊ʄƟó|h\0b4pp?T>h&O~A(PB\n<xA>5t(v?a8\'c\Z`<,*~|#\naL)0S\na8W#<\\dO\"#ؘh7o?XŊ=? [?dnksݒ%vK[얷?\r-n~Z7dë.\nk\Z#GfLDG1\r\ZaYS^)0c/\ZFa$\0bIVqJ.\"glcFi1rc$>K14n<L8bRǐw)\n0z8γQW	\ZVj?sJ>FckŞF\0 aHT>(>{#5+{p@R3\0#YR+n<Ĭ1SegHDb<ψ[Ƀg۩@[Iv_YFRQsm_Ԁ{3@M\r/\Z3I&^RFxX< oupP\\E`g]fo<9j\Z +mox9Qǩ>\ZfQG|lDʄ.?`Fs|L2Qs~d56rۗ[pVs	߾G yhi\0&IlEޚ\"+.<Rq%8a[xd\\ǞWϽDq3^8p<Sylp~/|UM[)2}\\o-H}WOPpF5Ƹïx[8\'5\n@ڔh]yaP\Z>GY.\\22/kǁ\0$\'\",P SykQ59YfYT%O0a2 JNbIhXϕ!\06}\0\0\0xh4EˈD֪{IL)*l7L_|\\YXPS/1	Cs;lg4<	K`9X\'ſb&[)⏴!F\r#(\'	Nzy&^9-8x@Zz~4o󁤺f*&K\"f$K),5#rx1z4Pp*eRhb;FLy,dOZ!SiZ|	<LB$͇x8_89XR|d&S5`V%f5vǵBȳ<B x(ذ\Z?yayIse1-\"(\0<eQ$P3)>H/$#l\Z\0~!g0IL\npG cnAFN]J2/)lY~jIZHOiqI?H1Q:i?s\ZUA$`\0?\0u}J9OtP\",ċ\0\0M`g͓2x6e,GK/\0nQS(듑>+i\'(qaK_ňO\"D6|O߃Vc|uR\nfO\ZP.yf?cE^l\ZrݷൄǛ\Zo\'\0 ?˪	 ;6t\r	h1Ϭ}X\r#QwJ_?Wp2@>V\nrݎnN6>Wn9CL\'حn&O>qdPȜҝ;>ySf$rIOPAΜ\'2,6u6T7&/~>+ň4Su*7|wMD?̉u\n@ƁQF\0M\"bn@fNA!Y&Ly3K<ZGmd&\\K(\rZb2,rF6d\"V/~{ߣIt hIQB\rd9Όi)lDE(<,?;nhⶴO9\0-Ɓ$jy&\"8aAƑ(8#[D*i$< ([E>Ilc 8\rL+fwo&y\ZP\ZU\ZWHh}G0u1!`\056nxc$2=E ͘t::MfIةjVԓ\\#E,u\08IDWɇCĺ1+$jy {\0/ Qǉ?t`Ŀ4HZY/&jlkm\n܉c\\*~)(C6 8##^e@Ă*l?#^\"=)n)VZnμ7S Ԙnsd\"9#_#E\Z٘\n#k2S-הD=VY\'*OMѐ5ζ#5A:en@b0w8yKgAHR$EPh;_dlk^?ma\'U5n~}xG 	n!sL4}ck<ۘs\ZSL=do`3,1zIR\'˻~QC)soƐs\ZneapA\"sMfGa7@,d\\FO.{dkX<\096N-c[CvA&:i _#ΧoW\nLADY7si|@M\Z4R+\"dmD\ZI0Ο7_\"\0yO2\0(\0uΎ&n\"rMjlG<(9uP\Z.\\_C9nt5 bGb$d7Y#b+1zdKktS~:Ⓣ\'|٠?RbĳM%71}H<dw<g8E6RsRFl %q܂9?$IJH\0\\T؏i{?:D{CGSlh4%dQ%Yj<D#[$\'HuMn#c㱰42Ǝ\'\rcqG0#QD\0et]MG4=>YbF&ؚ̂Soy3gKPXpX\'̯ H&kb~wPP*ysnj7OI\\@ɸD=,V?1UȾXD_	ѿun}>Hzd\nheȬLe>+ů[|֐E\04t8aaONDk5ơTgnmH`bHՋ\'6wVIQ\rB#,PƹPXq;	~A&::BEUqp_O1)\"1WR,T`x>lu>rv *d>eǊ4tu::gGHhb;F\\̊H`M 0vkPG,V`\rv#jBX$8/fxk_-cPi&RY@?>M<|3I|iS\"l|At\0*\0-CyM/o&kZXGh\Z yFr\0\0X;5%ɖ8آ&V;5aaygv@Y$٭ch\rMBv\0~\\i1츕E0i\"yhܞyύBpp=+)١`+N#GS`hl}._GG]H\Z7e</lTmiHg%5Uܪ~%6ji`  %4E**\"\0Etu::gGHhA-byTEpY\0;6$%ϚI:jEA0b\08ͫ|2oLֽ횱vQBg\0MvmO\Zf$`!:LDna*]so5RH|LJU#\n|I&d8AyN8b-&Y)@\0kڿϓ&k٫hO)xp$XGf<qJE#av$\\\ZA-a&xgduBCn#X5vmX;E#\Z:cGGmN#GS`RO\n*qQ%A$2\"`¾b͸	0\'TEfc`\"Y\'sGbnO)>1liƵT\\gl:;m\rKtt\Z:Gdi{X|C\"#gSeCrl\rbˑ2RP\'/Zăk-?uxm6[=XO};^C [\Zbw<r=(\nxVNjŢR8\"|Wn\\²FXT1cq;ԟ5/}qVV.y4pڵn9$)Xx!^$c\Z`,I}gRYT]ٝKTeșJ)xXVN]ƭpbAՋ6|-\'̯!-H[b~T;Lo<A+	}b2,rF6d\"V/~{ߣItu\'G~v$5doqW@[\\8$kM#NvPO]lyNd/գ::DGL8e{9\0\0/wS|%qX9G$FIXq|idxm]eqTz\"^qoSa`9az}Kv2bA6n,2YT.\0gm{AKZ_V\nX\0Ts	\'S\0\0_/cSa2K( s8e{2H/\0穰wWɼ&P=\Z.DߞMI#\r*sY#^e@Ă*l?#^\"=4tv\Z>\r4u6AV0Ai0!#`\0&5xp@\0\Z:D{CGSlh4}/dhl\r=t?+V3?6L͓ko>S6{dR|#?l\ZsVo\r\0s6kt?+T%ŵչ\0k˞89t?+V?|͓{XoX\02[6N5s[`m\rpA6p\0ao涴qΧL1Ԉ98I\ZC/\r`Ă[=d5\0kt?+V3?6L͓ko>S6{dR|#?l\ZsVo\r\0s6kt?+T%ŵչ\0k˞89t?+V?|͓{XoݣItu\'G~v$:}\'G_`&\0ӜN}+{\nb^=8OIt	6Nd/գ::DGL8e(Dsʂ6SlB\n)=C[h1p/~z/uq|\rj\\n,#o@E,8ulGԑ1[+H	cf7 z}I0uR\06#^}Ev9PA56#^yXmHAS:pwҪ\".\\Sqxs_䓀\0V(7*\0Q:./#p \\JW?Q\0 ؏i{#xbV8nAna$%p\0*lGn\"rMjlG<(9uP\Z.\\_{K\\_>l/=C[$p7~z/u$oVX#-RL$D~1M-ߣG4u6ƎCG!F#\ZzD{CGSlh4\"ap~->F.xa\'O)p[B.c\'\\yixdhl\r=G4u6ƎCG!F#\Zp,#IgcfAplMb<(,8TV~MWFZk5ƱXq;o9w2nj{MBlI_~wT;f)*8V~e\Z8\"*r+\'ua=>YbF&ؚ̂Soy3gKPXpX\'̯ H&kb~wWr~e\0Մ߾ќ,r({1$\\¦\0!\0FDO,,:9qr:bAf/\'սR$	\rg%	}6$e{$^~jPɛ;+|RXO}(dh\\llȬ_Մ߾e\ZH;2bk\'uMa͝,Aa bo22/u Y5^y˽{KsV~mH`bHՋ\'6wVIQ\rB#,PƹPXq;	~A&::BEtu::gGHhl}._GG]\rМY0g\nK}ⰦѱRKmc,3dZsc[p)?Y4pDQBt}h\"MItu\'G~v$:q؎ѫ3\"3b:*d,jb+\Zi	)٫f|&kZXGh\Z yFr\0\0X;5%ɖ8آ&V;5aaygv@Y$٭cV.gEtg$0&uX;5#TɖX+V;5H!,SVk|<Lֵ؎Ѫ5A1P\0ڰ0vkSK,qEPMv#jB$(̀$\\Nk\00aXI\r$_8<O9D9~X|aDfpZPvkPG,V`\rv#jBX$8/fxk_-cTk<b\0k``֧&Xb.XGhՅxQf$\\NkfvX7ќA\r``֠)S&YcP.XGh#OINp ^X;5ϼ3Z־Zb;FyC3\0j٭O$1.L]A6؎ѫ;H$dkGHhhm::ClMG4hh_ӣ6\Z={#JF0U Ʒ<A!9+u[2XkZ3ΏHy[\"y\07_8C\0&8M+Dd\"\0*Ԫ,\Z:;m\rKtt\Z:Gdi\rMGHm4zGz	6Nd/գ::DGOd!vNZ::}It	6Nrxp8kJ-\ZK\r0ed5ant\0bV\nu&Z\'\nb_bcn6)xâ{(!X.xպ2\0!12s{Q$cT/$:}\'G_`t}h\"MItu\'G~v$?$::GH]VGG_lm>Mtt:>htuΎ&$::GH]V@GFlW=uNN\'G~v$:}\'G_`t}h\"MItu\'G~v$:\0E\0\n\0\0\0 !\"01Q@ARq#2aBcrSb34s$5PCT\0?\0U5ԔN{<Old^ g[~ѓdj\0ѯz_wZ\0eg]kW(J>Eqn@9ݠbnOpVWPAm:JEp+*IX3%po:枮=\n<aR2m}X#2OwHѝ*y\'Bw*;z=I$INz\nRnS(sUpQeC!}={휘ٌ}z#++0.LD	8,MuBdOlpc,u(:l)MT<C=&*\ZYW,*\'Qt[ֻ\"p<t<Ȣps#Q:=jgSNFvlZFlg!ǟHVdee$2G.Z{T\"{DM%Ҩ䢨IScDQ^:}bP<[pE	$y]vǥ5}ZC;z]D!Qީzm]봠\0Ǡ[ޫMCt^;2$6̃\0wAf7\0/\'\ncH9(ѨpǱp8Sx+UQT0Y5:vf~ncffiK~z5g\Z{)g\Z\"U\0=CDm8Z/APc7:ѹ*\ZGUÀ70槎\nYM\0$NFY7 䣇EUgeU ̜(iV(WG\'B֣\0NRè~ynf(jv9?Xtb6bx\r+Nի#g+){^UuHN~㼶jfK{ǣbWAQ/[8_?,d驦)SutzZxn\ZTPv:=l)},cKṇN՘I٘]:\n`}ݶ:G}J|}/禎:HV;L0\0$Y9ncww)꫌t#nsR/\0Ƣ0|ZlV+|WȔiID7&z,}i[\0aڌ4&[qlTz_ͿjkL}r7xQtw6FrN4!IbW^L/עR+2&c]Jy<\ZX4\0vQX-;2lc*h R)cw]gɞN`U@P.\0n1=I>]*HCF2˪/7\nYYMGx	DLy57w\rC{SC#(eWRA\0 }qՆ.ϛuJJڟ?hKq<8qz|DNץhOU2!܇9g\nv\'ZA][EE<ПpI)gI\0{0T(Cz<t+jVY\Z2x	,K1y;^7ZT#uc4BrOr(dHS[@q8ZQ%@C/wŹ\0O\'#)}^\r^\r#>+\\o\'BڴE\\c<{MuK1^Â{/:5e[:Ʋ$m=FV*{LB m[NWRI GX#\n~HTGTE{ÿ߳Bߜs7h[sU1Dxyf͟~zѪ?S<b;v-Շa⹛zۃ3hHG	\0q	u)>,954~v# GYw6U4Ixm\nsURuPYt~G\ZO}8TNOsz1z|Nm{6\\\\IP]!O[q\'nի(ؗlw/KZI]z.EOH׻}j2xp\ZEQXb:B<Fi=jK{kns5ա_-,\\4<S8hյ1]9#S`GpX\r5!(^@	Bsl]\rUQ$Ig뢻\"QwQlKrUe=LQ!2-\ZoT 6oOw@AF8(Cym3éWuOTO+.P\0pdju*{-PpR(-v5La|:p]N_ƞ1 kSǆȓ9fҞJW5gjdJw_|T%wzϐ2xj;y奙&u#du*w2O-*=jxz\rXTrbSGgE,f\n1+\r+nR$/YYuƆ1>H>ҵ zdR6-=GU2VҩvU^,@Xb5xh*+;A$\n궭c}RJ7vnzNn.4 7V*;q~`|<nE_Ǉ=hӎ%\n2jS\rQnnaO\rېl\\d8Ֆ!?VF2ҧ7c?-|2T(ҵj}jgeNB.éRv9Fx0GdV>ekNHz<	գhz:3U\"ve[WXҴ#\'P:Q6\\qiAc_^̏5g/݃$GO\0>.|5\r&Q7\n0:hZhnˡ?tlJAia/<wG\0yhۓgmE\n翲&YjTۤu>nvʳi{$ak6UV!v=<S$1-߰pT됍~ZĢ9Cw$or)WSqXզ7|y3O4f;[*bo?cK!~̿0wV	͏?{\rՇbPja+~4-I+Rve=Zf꟔Mw@2k%N_#nU).rC\n}UI+,o[\"/[nEdGF\'j${ O2Ǧ|6*?~c>EMK4meʳ\0ZX~	MyŸojr+R@5HՅ.rΌu2}8QD@lC\ZCX>[l5\r<9[O2G|vd+-=\'\'VǧO^lt[&h8g~zg~zTKA:S\\l8[	sk\'č)rlA/ץosˡaGU5Cc7.\\0apD ѳQ\0-+w?z0ſ?񏟧.>=tlʳ$VY;NZ֭*N3\rtG\'Ӡ9xx^9[\'B.E;/륌]OOjBߤ8b]Su_!ӌbwtTl=^\'zO0x?a<0,jF>庢~rcsmTO|0͗X4^Y:3zqoKQ.]e\">z5&[S8¤]QP9H\0=6+`mZ.\Z3TOa<UQ$mHaObMVl{v(tmCgV#V5Aߠ¸d\\*N!qQ\n\nD;o+$lE{\rF<ZᯠbyU@ѷ&͟P\\_9ajF}>zi%&e#ԦPK:9-b\n5d\'QH#e;Ţ4Ivh0\n\\pt1Toj-y\'ɢ{Rrn酶ZU\0i\"Q)\nȃ GlEjSoHVt<>:8\0#mW&̦>lpп՟&vķv2CsSNPtEEqPGdʮUF$ɠtauE3#$˳{A8iZ]Oو?!jI*N	좏!2?&qUq:U撮xz{l#LF[W]q\Z;\n	>3fcŉ\'c\\#N}T*ݙTÛ5h/ d?=,bbQ?qwLB]8(4*hfl ڷVjg+Tk[	f@77,R(+U`o4g*!\'.\'H.n9Sl@\\j	2(a]kڍ5Mt,b5AskuGJzQii\Z\0\0wi[3	:}-/ٌMDy珱#/bIQNOxti\rː;VUT\08YVxj3sҨiV[fv,I$N㺞NԀ~mvG&ꆣjJ]QIS@7?!蒖xwH/V\0:J쪪KpY8Y6@i3u\'5X\\ŏ7fl>\'ӌSO/j2\0;\Zhbǰ\Z6BߩN@\"4iD X\n KXV^M4SL<g/Ȯi}^C\n.^.^-űS5vc_;x4G؍Wzq,HI6UXL.ÆLiBI$ㅉzЈ0\\j`,o4p0ӁFOwt1g)cHyе\"YKǰR<k)bqa90=8>nb\\b09˻$y7L=WZu;1kowvYuFo@AMYb<Q/fgjw;_	:@<[_΃ըX@[;JԊ\0.f)8TT6Tw.Q{!>bI<WES1_ѷ!Z2\0q݂TSqyZ+RO58@aQ1irPA5u\rgu[VTLԣ<M$򼲵pk+um.\r^&-c	|o_qY,`xͯG!)D7]yO}R@ΙտPG1r眍HG{n5PN<ȳ=zC$!ǖ\n@\0Hk!h[Q®J98:U@\0Fև?gԨ\Zr׽z_谠\Z%nj&M3pD-催3\Z\0v8Rӥ,B]z΅F*)s=:׬n(3ւ7TJ_4F*a4~Ñ὎6H_y(:(5UB	t\"0ux\rxb>v#TK6G\n\r5Lչ2)昍r=ùtZLS][̤27:U`!f\0$jX(L1z,&rHOե1dVj0|FIOZ:v>z\r?icH0U Nܕe!E[-3v} oկKR$̾z*kԋN[w.âȎ/V4KqF+忊YapH݅>1UF\0%s\'ؒ3ݖG[l9n8M5ALspªԭI6JvPRZa$1<#{z=㐽Y\r6n\'T/GOk/1\0̿#$\0/\'\n:qKK=jͱM42/t_.>ZXS\'9	\Zv-7WFHًlF+&\raKḩ,dh([NQHژ~QwT#Q	ط=S<@u+RXpvCdեGNja}\nUE\ZMu * zi]hjM%T3u+m~0\rд߷vJ~#)%S\rmÎ/ը\'kVQ^^@pشm@Xϱtfʊ\0\nO8]H8T@nPJH @Po/`9oS~-h1F8zMߧw+ոwY\r\\kVi6_ILuBh<Y(4*\0ߺ#ՁsBj^COM}^j/A=z`{XǘEԂGq!?3\'Ļv&ҡIH[aEI:BZc9#IcxAVB3yC6:MfYWH5Z(hQ8OҼRΧ_G,-\\밧٩GwG,ԯfAC쎥]MdfĒ S!@\0\0\0-K)+.;u\Zhr8:<N\"u7ze=s{\0u$TE\n.\0tJˊ/ԓ\0CE<ԲB?6]93T\"**\nWGlyGwa_dВg!qG84.YA-U\'U{Fm1?g*hh&xJn*{H\0O\00j.y|pLcu\0eWYCx¦*c6/~o\"Q7	i*\0VESxU܈~\0!-Ro>-F8RQcqo?9ᅩ׃\n/}p\0Lto\0I\0\0\0\0!0 \"1AQq#2@RarBCSbTs$35Pcd4t\0?\0*+U@w_O,tF#XƱ!e-tctg-Klu]\0衧\0]mr?\ZKs\r\nخ8\"4rݎ+0ޔHuq\nVppū\\taKmWxír\0\0\02\rm⚕T\'a;wM8Ec^G$.#ȫy8gv9*̝,B8ge#n\n@\ronVzsʻtkm\ry(݇mꫝBMg1Tv-JKDC\ZϘ;:$ѺF2#Kj`t\nZv;Zn\"FJ6!AKlX)!N{O<2I[A;XW־sl]jҞwE:[d\\mfc|nEޙֿ7*xZG9`kIX8u*x>1I\0\r0ݐZiqG;p蒣\"F2;+\nM<MOyp~ѝ<\\m &y\rҎJivgatZyVHث2[dNoEIb8b@ơUGPwljB:~$Xn.4D<Ծ<f4VUPxsx)j<1g}}H@τ\00ARAr#|ꈥ\nY:Z-keO\\VPʢl#1m}8N2t^pyHv:^/qJիrH:~;m5Y\"?\0o67iPx1H$M##v9\'MU=$C#K-;\Z\0YW*v7<nt53GFHe$z\0XQ\' ;Io}=7ZCF*{\0^:[<Q9vm((e9{Ar񅻊׭R.QԌϩOyr&u:`y,4#S0wtUZ\'7	l_m\050CI?>m5E{ܬQO]LO #r-ro\Z{CFKNFh[ZOav72ܣԺNON-J}3f}wX&V*\\Q\rּ܏d>.Vl$<Ii\"aatIS=<TNT\0@2tъ\n\nZa`7v\0,h	YH|qJ(d[_Cj:|Hgmt\ZA<1 %OIc|^.KY?1_\rRl{iqDxW]Ci\\}y\n^.xrS/	g!=\'MUSG wZwJQeR191,|v̠lzvoB?<opn0M&5]Ydq\Z.ӾⅤ/I@yzBz;gcbs$04ی=7PtƐpw8fdX\Z\r\n:0~p##Ձv]3QTSLR2|.ImP,`N\'r2H#h#\'d:{;4mԁ	6/8LLlAT\r\'<`dyVjN;t{+;4FgHznTNXd\">KQSTLR+wt\Z9a\'8 }L6* yrxثX[(^]OLǱFtUTUD*vt5\'l}V	׭#dQ\\婓n[}&=L9sIͪ#_H2c_\rX1\0Pa:YkHe1ϳN/\Zte::NjgL\'aD;0#dL-trp}7hyYÚ?M\'~Ү1Jc	xfC΍׽NzE*ORH׹zb:N7g@3d^{o麱]\r9I<%z++e`#h vTMA\"i}GAe0d\\aZ{s.\'mP1/R_?8~}8.$S(~Ϸl/>)Wl)9,v:0FDi]Lh*e#ah_g=Gt2)HGm$*Fk1\r6ԯdd{-jAYu9_FrUlO~\0	Ԫ\'d^c*N擁x>l;}lԝO9~Crۨtܛ:p:Gp\ZaknOm_wxҟE0a|epfnn\\8P\"WĮtS7pt[wf.6QM}w|.巁f#: ?WqNq.;[g㶺)͚0^iҲVRTӞcd̬2 F-_p,qn&R9)NADdT;K{M@\"[t֫~+z	7Trm_siYEUA1o_Œrs}]I=wECFGI0O4\'7d?p6Js]rn*V\"yI$ydyŘ5ztïs)W*@B9Oiϕ]AKqSe?Oh:^ly_\0˔\r{/UDc;aHxz屜?xm{u9mH#-iYAJ)\\ZGߴ}F沎\ni)Z7{Gitj]U\\)*sؒ\rod?M5RO.[$|T4FzxGL*|--7l<-jjڣuډ@П_Ђ AX*墊BseN\rfE>`V?5۩$Xy䨥mҢfiʑ{(+hU-6ALk}-dkUtyX8IYe_~úpgoʍ߿Ey\r8]<߾k-a r?NVquSo\rځnVb9384`Ta\"98R`RvLn[B[}<bUm8ʞ-CFCa!jqI>;ui\'4TӎWNzsW\rIU2`hI\"/3%c_yrl|~G|]}h{bΧp+<4fo<ɅA^iNG;/M[L9\07Wٸ{(Noۓ)u#Q\ZӾZZv6OѕdTGrp|-SS:ﺼ\'v/ćs\n&M!\0QSJ[PUB[.zdFǠm:HY$>Nh-3HAGMo5~~qƍǿ0wX5/㵕eL:Kp\0şēɬcO=t_뮮§g>.%E;ԽI̧NDQea4ֱmr|>ڼ	 \r) ԴD\rZ)898&M[T~9?\\ϥg閖uմ_USv5ƞ6gnF6[˙1Ms<\"PDFƝocXu8ԽӏM$_ƣVNABE}u9>~lxeX\'F)gE/6*ږb9xp\\%Ob[oj00Խ[l0uvc8էvF$%\r(=%aݰreI$RtŐp7\rH>ֺN3}Xy>q_ys[Rmnʘnu/SFݑHF/H(56Up_}1YTKD\\4)ST\'ij8Oy>C\0\'t?PTe#y9!OQ^)Br%:F!}{JWV}3p[<8l:ǷMcۦX{wU)Wg&\0X\0$yXOILq\0á\09O\0s\0w	zK|yXA5QB)-1e{^CÁO6=p\0uOfMS٦#ٺJ5S_z7\r_+CY[7RB9gSArxp3e-{R3\'\'mH&EnL9Ӎ:q2N7U&_ISTTe9ʃ=gusDtA	E?NF8%hj-`cY</e6igS(;\"D	|UISaG즗O&ֺ;rCu\nALdt:TGG\"BnfK|y1FIhUIv(  ӥeCU7L3N~%\'{zi\"3y$WUM562n1:Z[^m=HQ3ƙAPK/bZ0u9J.-z߷ݦ)vT/q򾜋,90sjZcI{\'S^IF\0AcW_m,\re |95T\ni)44XkR1t2A6e=fuw7I%VȷtP$h1=\\n%cl4NzېQH#He\"+AO1~g)@cֽH=Lͭc^\Z?#\\\":z@FRT᪎3e99\0qVGdAcmp4[n3NP|i_Zϗ;;<Y;NcJBzG4凌!I\\QK7rVi*Gg=sx;KF\'c\0\rKɿgG]0oeb8+̏bG\r_\'\rq;#Hx\'}q[D>vʰAi?᪪dve5.ԍRGu \0Q:ZEKS9ýU=))oO&(ib|`DX#_%(73A43|~&Ӂtb9l,q+\\5dsd]ʨij*dbBv:M4K471N\Z7! }wWxEï5|j^\n@}\')7U0-M<7D2ѣwF2M%Lu0TDrx0Ғ*h*b<0vv1[n켬KDt*ľue쓏<ix(fsdowxD~!wL(9OS{W;V)d۫c4yjfi[ZIyX^٩4ߛGE1oeM(&$(CGXc6ԼrDf#w&˺FQA,`\0i/-v)D}gGLT,\"ƈ2UTvkVB[9}8bn\ZEځV]h,{Ch,8mmY\0D|\\i**i#p;yN<8TQ19\04X܉%iT=B>ܼEWTÛN=ٻp׺AQOEY0ej#v(9j~n\'RK=\ZH+~}餲$1I+w(s[լ4Me9IK^3R+\0t9G6g4hF@v.oyG9O@%65RM_t}7uqʩ\0+s.5X~wxƭ¥9)gmCLk+)L*t\nQ ;\0U[4M1Xi\n!TGEd\Z?m&5Tr߮@nW*jr9I.ӻmgH_.2\rGPHN@?7tI4`Uh:](^]QJڧh>K\\r9FO~hczzJ@vF۽aKOPѩ*uU^҄qz9+yԋTpVs;f9nBVV\" M0q,j\00wmb+_Ãi8[G:y	x/5|v[89W7V;IL\'}zP(mфUr3st\'[n\\.{dex4H#E\nTvnFs#H1<b\0\'4gݴ}]YC+cګin:(,@̓\ZQS\n::ja}m:]pr+74nvnGX:SSCGO<	c >t-mD$\Z1EJJZjYDˤw#Wɳ겖)VUl;](b<_~v/T\"s#گR]u-պڞTc$ʄAjQh;;fc$I[6ʄ#^Ku$U06^auv6sFz;6bI>õ\\RDw>Vhk+\\s\'u|f2m?SjʺjuENΎPҳl0ET\ZWVK_W=L#g`F\Z;v59/sŵ\\^\"Ν1Ӕ	r#h:PU\n*ZՏyFy\"4gn4<7w,5F\"f7LgX`EL&}m<fFVS0t\n\ZZ>_sJZPvCf\0຾\Z-1;`gw\":V2\0ID^Kttnp<9SHc*T{۝-HI۹UeN{$F*+vH*{FBVcҮSL\rOq:y)F#L29K5ݓ2|߷+K$GI}!Vx$}xeT9:0e=Jh*ɕǼo秂3tfԳ<|v	z#{9q=̿HNUOmJ\\1W\"?n! u\r:tmzCnV\nlfcji(\0npeo\rA-+t*ʱ33Ko^Y!A,r\0fN:p=9+Q}78nݩٛ(O|ueD<y`~ܼS]ĭ3*/q򾛻%e4{k,Nl#%lyr|?/W񻙁8醧;[w.\r\\Nyd6X`v(ə8F}jۨjj\'4v#%I\'wSMќ74?&T\rzǸք\\m4߉4=6YQ%ܮT`/O/\Z\\u傁d~2_h\rd[nͱu`L?z]b\0\r0՜̹T͑KʬzO2$,}}ߥMDUO)rIQ\rDG\'/J*`$P{GYUՑ2!Kb-EY{\'Dw}SHzL떖\\1OlewTA;O/+tmry\08)+s%:z{]z:sGǠi<T,ҶŘ9)Db2F{]h\"e^{.vRDNH?\'_pUpl_Wc{9;ėqk+eS0+j<%y|b$ĝΪj!ZV86:].+ef{}Zy\'+\"0eaFkWz5rK*z-Stж?xm795Q:{4*Z7>Xe3z6aR<Qjà渊05n6YII>q`ZdC,SĒ xf:; O[i,#+lǤ:_-j풙>/(iY{߱Dt!騘ISұ\0s<H坎lI>ynUSI)ڬ;ψ&b\Zǧ={駆&yV8ץ4bjkECK< ARMDC7:kR+C$(,$狨(fnѲ1tɯS1oE^\0bGx<náF8KAoҗgN$oX_GI$!`8Kr9b+1Ȋ*?)\r+\0v^{yZXH~+6',3);
/*!40000 ALTER TABLE `Usuario` ENABLE KEYS */;
UNLOCK TABLES;
/*!40103 SET TIME_ZONE=@OLD_TIME_ZONE */;

/*!40101 SET SQL_MODE=@OLD_SQL_MODE */;
/*!40014 SET FOREIGN_KEY_CHECKS=@OLD_FOREIGN_KEY_CHECKS */;
/*!40014 SET UNIQUE_CHECKS=@OLD_UNIQUE_CHECKS */;
/*!40101 SET CHARACTER_SET_CLIENT=@OLD_CHARACTER_SET_CLIENT */;
/*!40101 SET CHARACTER_SET_RESULTS=@OLD_CHARACTER_SET_RESULTS */;
/*!40101 SET COLLATION_CONNECTION=@OLD_COLLATION_CONNECTION */;
/*!40111 SET SQL_NOTES=@OLD_SQL_NOTES */;

-- Dump completed on 2020-06-04  3:05:23
